y,x,mass,size,ecc,signal,raw_mass,ep,frame,particle
978.8883248730964,1378.4365482233502,11.511327799574481,2.4556988522194407,0.4666055496010701,1.227095856807432,592.0,0.05794318679053186,85,626
980.4313347718866,1370.6878853267572,372.56713383225326,3.355652518131374,0.02033677092472083,6.890884102939333,2035.0,0.0040165662598088655,86,626
980.46809218737,1377.3585988850987,364.2105822738802,3.366287446477277,0.032994062799342035,6.606032692878433,2029.0,0.004099634982682079,87,626
980.870290964778,1386.727258805513,371.3494247665474,3.4372520097098223,0.03002659733139107,6.3408056449418115,2044.0,0.003958336035230589,88,626
979.5535963257607,1392.906257688838,375.16201382996087,3.378438101972203,0.03709552162463028,6.646025997479828,2036.0,0.004046571543009249,89,626
981.0738830366872,1399.8820196149654,397.1901234363342,3.4071248609905607,0.018256962863358518,6.723232746870023,2132.0,0.0038590327968709777,90,626
981.5948579382625,1405.9854253664128,373.62861637586184,3.362693102947375,0.03702445141643299,7.066913156703847,2048.0,0.0037421620376055943,91,626
983.2553562531141,1412.15935891048,374.42612071368546,3.3795991994680388,0.026317402991131836,7.027097100256844,2042.0,0.004088846289009274,92,626
982.2246178600161,1419.7835880933226,358.9197407815875,3.396107752716504,0.03091991567056749,6.121559537063279,1971.0,0.004124252174054827,93,626
983.9565217391304,1425.9582041972903,327.62655532253166,3.3938991315261386,0.011317231956396613,5.715260019351699,1849.0,0.0044230662124429485,94,626
978.4576441102757,1431.130827067669,373.5108110556124,3.3725264768557017,0.040628425604323296,6.958472085664292,2044.0,0.0038062210411136136,95,626
977.4753584967859,1433.0967529256634,376.46578059125886,3.367790696442599,0.044510361817902674,6.949755633133508,2039.0,0.0038135834644639635,96,626
975.5891970356788,1432.1019940407975,363.4415416497185,3.3617665773503385,0.048595347488505955,6.775134552871213,2031.0,0.00401038208372316,97,626
976.2437712987505,1433.007421431276,385.6327862234011,3.390333051140021,0.0464564543621482,6.512390104340662,2077.0,0.003907313779022751,98,626
976.3493294053802,1433.0598496007442,392.5544799988371,3.369578379284823,0.04192619363367812,7.060441845083356,2119.0,0.003953186862307178,99,626
976.0656569661406,1430.5721988739988,382.4280693052344,3.3659048823147253,0.03548917352669273,7.065715656817034,2123.0,0.0036932315502719777,100,626
975.4009927453227,1431.1390607101948,398.800762681053,3.3565969420964867,0.022311688990559884,7.369972093838475,2128.0,0.00366407295536767,101,626
976.0361005658621,1431.1514934460283,409.8185589481698,3.3807940844149043,0.027845229532528697,7.485404522010121,2149.0,0.0034495846924736517,102,626
976.0865287223268,1432.6676313124005,403.5218826810238,3.376915684875464,0.02923075445103641,7.181766975801755,2135.0,0.0034468689363966053,103,626
975.4365838605154,1431.130072519673,389.32638370037597,3.3591871412992194,0.02093734349496519,7.028419517504087,2104.0,0.0039430967918531205,104,626
976.4172138836773,1431.986397748593,368.1628246392417,3.3484219164901803,0.05832552111523591,6.849808651042802,2028.0,0.0038154667235133894,105,626
977.1810042527792,1431.9436693277623,403.72052004159247,3.374142737807797,0.0385914354598501,7.078588540608389,2125.0,0.0039221884361494794,106,626
975.5174700744096,1431.2838887091557,369.3574228185435,3.334209417924318,0.043189116862408096,7.1696685115213885,2051.0,0.003745694894260548,107,626
975.3843573076117,1431.1414692108758,395.54345216141,3.374599531237095,0.03177270955061734,7.022299353393314,2120.0,0.003969007642983434,108,626
976.1241681790683,1430.346793708409,396.4681101522027,3.3802654921378843,0.02959983704947515,7.165447544341837,2132.0,0.0035916023461025283,109,626
975.3141314131414,1431.0508550855086,399.78020701347083,3.364674145175179,0.059382849365556864,7.256736430937589,2132.0,0.003669815850261841,110,626
976.1641926688882,1432.6338988185398,386.7389472986318,3.4202959988547605,0.03139676397944543,6.678012722212061,2126.0,0.0035312095076296362,111,626
976.5328173374613,1431.9782507739938,372.02743428038787,3.380363528548271,0.03755627103734954,6.622779402824243,2038.0,0.003594057839082618,112,626
977.2787542399013,1431.132362010484,375.3755105453937,3.3648410678152207,0.04663056748519479,7.089654647211027,2051.0,0.0035439752223244848,113,626
976.5176470588235,1431.9184159938486,379.4564547630268,3.3359966292231755,0.037032200649444756,7.352789434854499,2050.0,0.004101421394692724,114,626
975.3684461771024,1431.9844856392713,393.52081093384544,3.3701076993182837,0.04636016468882625,7.138415537665428,2121.0,0.0035802541851479466,115,626
976.5096189556563,1431.9885612419223,374.0530821343065,3.346189523535073,0.027678430590008792,7.057081100951782,2040.0,0.003827154579810488,116,626
976.8964169381107,1432.090626131017,398.816089529533,3.3899320822486128,0.045549286165651647,6.812927769016995,2116.0,0.0034878962529152954,117,626
976.9416457060726,1432.1565936040245,392.0324281558092,3.385571040225767,0.0028883669735238616,7.01516885453083,2120.0,0.003843380939804328,118,626
976.5522483087942,1431.9469160366095,359.02281814309225,3.377295979582591,0.05226576763057371,6.34326029667859,2009.0,0.003936727430084443,119,626
976.1560967894986,1432.5674521587855,395.395887065968,3.3944629350966173,0.028083753210076716,7.097490618691661,2133.0,0.0035362940048688403,120,626
976.5663190421012,1432.0609501738122,368.19983891681915,3.3682680740200484,0.03735644905262133,6.968633490507585,2042.0,0.00362807493335474,121,626
975.4607821875226,1431.2416684739392,396.45895290038385,3.3567923158752797,0.045857454518055785,7.3083953581723335,2127.0,0.003497654855878136,122,626
975.3958966002518,1430.4108584549292,381.02965505386544,3.35619643562179,0.0384632048650169,7.055582087509544,2116.0,0.0034767343069296913,123,626
976.3773673135375,1429.9603304496923,395.3390834687789,3.38053632946525,0.037780965332056826,6.932530105250974,2134.0,0.0033938382636899502,124,626
977.2101729721192,1428.5013821972989,384.44055478765137,3.353828208504451,0.03808776371917742,6.983755438050692,2114.0,0.0034988504926938184,125,626
977.9615279486128,1429.9689080224136,420.1978835019371,3.4168904115780743,0.010770053366552474,7.2071661035250925,2221.0,0.0032751171536604218,126,626
978.2735176627242,1431.4495966162763,384.200661656405,3.3579558470627955,0.035571768709894695,6.981636524186258,2112.0,0.0035951999629076,127,626
979.0286858390972,1431.506734619585,384.67004877590847,3.4091997423362055,0.027374951238945504,6.637553808510398,2115.0,0.003520167829974044,128,626
978.3417263356677,1430.0967031237706,397.64169119439464,3.378827683192431,0.03647151140864614,7.071132442358422,2121.0,0.0035426194652387385,129,626
978.9640391057633,1431.839133110002,415.34696526073276,3.4012352024581736,0.03302640785155168,7.212560960978062,2161.0,0.003489322349858366,130,626
978.4560309441111,1431.9276918219134,395.778696760969,3.3557019700846964,0.03700144496165315,7.373205907450954,2128.0,0.0036310188319599347,131,626
978.0629224795052,1431.3050481806415,399.117501839342,3.3799712097846495,0.0376924496993792,7.03176959230827,2136.0,0.0032789585020423164,132,626
976.2344327654947,1431.8203696991663,382.3977933304865,3.3741227901659228,0.04825121655370336,6.874567071109869,2102.0,0.0037390831423202574,133,626
976.3631947303417,1428.329188966653,391.89835332342733,3.392275632167068,0.026951635775720205,7.1635598549033235,2137.0,0.0034207505204389976,134,626
978.2544029850746,1429.055223880597,419.7345778762826,3.41158036648925,0.049073889884795184,6.7971942835189045,2196.0,0.0036215096441201016,135,626
978.3153015156402,1430.686149629152,388.72108151573315,3.3795914222331462,0.04722219805833767,7.082470527455312,2129.0,0.0038919185980978138,136,626
978.3636230289695,1430.5730106343967,387.10890534988977,3.390705387030182,0.04340077192976244,6.898970590394075,2128.0,0.0036568486269943834,137,626
979.0325518178729,1430.0369690791708,419.352358246741,3.429687899702332,0.03632157584946528,6.725596775143111,2205.0,0.003534185250076205,138,626
978.3094817658349,1431.621727447217,396.1945562440266,3.399220865904647,0.04507128820754248,6.965723867937205,2127.0,0.0036254636170234495,139,626
978.1695772058823,1431.6182598039215,388.67500532985287,3.412823639756152,0.036751041143537895,6.608904042832976,2115.0,0.0033606391037307205,140,626
978.2353289863663,1430.9285714285713,397.12559135774916,3.3850853177106486,0.019348221902731264,6.738423267703361,2166.0,0.003356109157557238,141,626
979.0104756327672,1431.0588847680397,424.9223939613498,3.4099211098506426,0.027295292141219174,7.022596659911695,2218.0,0.0031513964969947447,142,626
978.2225730650609,1430.4893523278015,384.9637717583349,3.40674173723356,0.03842305031325656,6.982380057593532,2118.0,0.00333380682691172,143,626
978.3500040926577,1430.4010804616519,378.9883637057726,3.381623416908038,0.05849468214640339,6.762663770799577,2109.0,0.00389777355596595,144,626
979.0350776308223,1430.5385997699827,390.58111818835323,3.3803907175214576,0.03979874589627578,7.103006246524825,2141.0,0.0037183055049446172,145,626
979.0317943046724,1431.986729333702,417.44920707303874,3.4268693854456456,0.01642695493084131,6.895933127623462,2225.0,0.00354569736277195,146,626
978.2505867734365,1431.1431036863178,403.42247955708547,3.39921659766492,0.027985535992360307,7.101527839780257,2147.0,0.0037431258207563482,147,626
979.0478560229054,1431.957461312973,423.70961412585416,3.4254922075718186,0.03319050417796745,7.1345200551561785,2224.0,0.003304529846081411,148,626
978.5168530538829,1431.9447876749823,398.58292152270434,3.3789262214881846,0.02265300366110377,6.982292517485397,2134.0,0.003426130085178581,149,626
978.3864751996483,1431.9314968129534,392.23920032503605,3.380805871465821,0.04418301160545857,7.184394467086162,2137.0,0.003698522363006282,150,626
978.4148394241417,1432.5598375784423,383.1536512196898,3.34205945308668,0.03166678040269302,7.071865101876888,2120.0,0.003581572509062169,151,626
978.444143630664,1431.9159304645198,397.12754094259617,3.3718445980146305,0.05888829959039118,7.2148420447678845,2132.0,0.003842034967468,152,626
978.2982072584172,1431.2925229558373,394.25985404096036,3.383796708320627,0.04153186981339269,7.125524253181618,2141.0,0.0036488590303510146,153,626
978.4200222823492,1432.002864873468,391.57016852833846,3.3681244476833045,0.04562729406083266,6.88659933509174,2119.0,0.003767688778867959,154,626
979.1560625087205,1432.044439793498,419.4057424369232,3.4006869027642144,0.028887173963297035,7.256357201364375,2217.0,0.003508743654635007,155,626
978.4952445143414,1432.6759529693702,388.3091527034519,3.342771032495474,0.04991720477468373,7.3863944272206075,2125.0,0.0036377689191420086,156,626
979.4661776061776,1432.1370656370657,393.5636792322332,3.3566392458867287,0.028880200751380137,7.324235266020711,2137.0,0.003735496868707903,157,626
980.3101078069604,1432.830475363577,397.29664329794207,3.4029167296616185,0.04814768595453625,7.071483557723302,2135.0,0.003576709924489392,158,626
979.4783857074493,1433.5836656564045,368.07153403909746,3.358967209044654,0.04442782528750962,7.104267924506428,2054.0,0.0038746495415058983,159,626
980.9234905180557,1431.4831068807673,395.6252351103704,3.3988641994642514,0.01642477265630819,6.9564271522712815,2134.0,0.003947288795054465,160,626
980.215224701926,1432.9912870681749,399.2304078764089,3.3777510386165175,0.047563257230585604,7.32308910809677,2139.0,0.003772493541381617,161,626
980.3074763356329,1433.5648163003368,395.72524573957395,3.3936124065738063,0.031018796897513818,6.888527059641228,2122.0,0.0036107787508261597,162,626
981.0084227787717,1433.674716756112,402.3665359691545,3.3983558232959186,0.01916489173433335,7.197970232006342,2148.0,0.003545604437717515,163,626
979.386865431104,1432.9362610797743,383.4873686237371,3.376293138722079,0.01694997272873896,6.767424152183596,2102.0,0.003685735266882534,164,626
979.236212895107,1432.1476793248946,403.2856525961878,3.3948356837574307,0.04250333549156842,7.105039996883018,2143.0,0.003659668944121608,165,626
979.2938367736722,1431.3110996841256,391.6067894276646,3.3830700128896862,0.035366048447742035,7.105478365432539,2129.0,0.003710655570628944,166,626
979.4233581927449,1431.2943306060386,400.2419125137188,3.364751890113382,0.028563170785578348,7.389883983129265,2146.0,0.003752858350074209,167,626
979.3956276961322,1431.3367697594501,392.7175601112681,3.366859982707931,0.03968866859456693,7.264571375897552,2121.0,0.0033733567036479286,168,626
981.253871559633,1432.811009174312,392.907948257802,3.3901097381496736,0.029393542730602597,7.122808309701071,2129.0,0.0035193876226617,169,626
981.372832794593,1433.4525418748162,395.5198152086822,3.362611403518489,0.038236563183850325,7.380402076330097,2139.0,0.0037454234449688663,170,626
982.1546840958606,1433.7198983297023,395.190627934072,3.403029535838103,0.01901711904119527,6.973952257660094,2132.0,0.0038497596345282584,171,626
982.7918510713031,1433.0564102564103,412.4607261210647,3.45852032494753,0.022571369458418717,6.432474970065075,2186.0,0.0034440979231917202,172,626
982.0907454087144,1433.8294562477495,399.70210263792995,3.429919826760538,0.03589281911055312,6.620920677473813,2135.0,0.0036959137392992623,173,626
981.497103491467,1434.696962580241,368.54498378291044,3.3607879853184497,0.03330681803538696,7.126241662312422,2052.0,0.0037809337748612526,174,626
982.0842056650247,1435.7242918719212,409.125019224736,3.392549247113249,0.030615849906479652,7.337294448842633,2152.0,0.0035774997166945666,175,626
981.1386138613861,1435.9685497961561,400.4581206435358,3.4190233170647577,0.02498981564914441,6.705399515726065,2135.0,0.0034740744917462238,176,626
978.5951517023084,1434.9779973751254,374.0601960476225,3.3526832283663732,0.06274511827589409,6.9596624139177825,2046.0,0.003902150864660763,177,626
1416.175400291121,1140.85807860262,39.31922246833046,3.25974074928472,0.43954428268128654,1.287747460753181,665.0,0.03549597393192096,403,2734
1413.9652855543113,1148.946248600224,52.02162347605494,3.0041032036584037,0.3999702023918405,1.89328416906135,599.0,0.05663241190953601,404,2734
1403.5252764612953,1149.5126382306478,36.522189001108806,3.4784373023457977,0.09891904738258353,1.5578184881989539,605.0,0.053900178980164484,405,2734
1400.8817391304349,1145.6782608695653,33.152941304105376,3.117970354322629,0.11657492847138631,1.4990895198378082,604.0,0.0494172178648953,406,2734
1406.0863245086894,1143.992285203833,351.41177604277146,3.47227352749348,0.027188281323888713,5.935816908956998,2345.0,0.003357697606709795,407,2734
1409.5025284450064,1147.8003318584072,385.6571011421144,3.4273547277507843,0.09279177707817855,6.399177563198801,2592.0,0.00312414570850587,408,2734
1410.3828327382203,1145.9886578449905,420.4470854324998,3.4512639905395757,0.08107897058353875,6.917668912457989,2705.0,0.002971724723934875,409,2734
1410.4634802091114,1145.9723674383868,384.9190884333669,3.449107210953471,0.09833705072988212,6.410527014237552,2607.0,0.0029382897103437887,410,2734
1410.5199364454868,1145.0907165014753,397.50261249172667,3.4209255079381324,0.06284901482470244,7.0676487807789785,2620.0,0.0028996451944138537,411,2734
1411.343348270036,1145.0857268787188,393.8705447688686,3.4575321776194974,0.05750475548521461,6.481084406686739,2671.0,0.0028481489084797697,412,2734
1411.356775180857,1145.0599610461882,412.14726724931614,3.465376482874245,0.06952811205258279,6.708574049550639,2699.0,0.002905972002938174,413,2734
1410.4016914959652,1144.9252017380509,385.0754328100504,3.4357745655530216,0.07704146638177704,6.812321437049309,2615.0,0.0029610024754430234,414,2734
1411.266083868324,1146.0119519191367,410.2352173687947,3.4836731608225815,0.054268446772108084,6.416054144068705,2694.0,0.002987546120984686,415,2734
1410.4547258041662,1145.117826271787,400.9562575124185,3.4027200315972914,0.0602931545342,7.0452849555816766,2603.0,0.0030116626593953257,416,2734
1411.2537997085155,1145.0212367270456,405.2767157292702,3.4686164218630724,0.06043616042660627,6.722266296016072,2697.0,0.002764032224007858,417,2734
1411.220089214593,1147.680818862514,390.33177076241043,3.4385754577887515,0.07128323110992259,6.467182437357127,2606.0,0.0030289716519094805,418,2734
1411.2663671373555,1145.953644273285,425.27217953216564,3.4834306329348217,0.060308292086873196,6.7936790910858,2739.0,0.0026602412337477063,419,2734
1410.4366329851002,1146.8194896386367,373.80612542146326,3.441122719323858,0.07937708437810063,6.49791432270569,2580.0,0.0029624850477491024,420,2734
1410.4237042682928,1147.732393292683,385.20899930501633,3.4070184018058813,0.09885727462896506,6.958424758787261,2609.0,0.0027952327947912037,421,2734
1410.3649718436302,1147.72357789929,378.3902017669114,3.442062227412074,0.0691704171674855,6.423338118625444,2584.0,0.003145155287988635,422,2734
1415.581081081081,1145.1767951383335,372.2676526343252,3.4292324760826567,0.0724541724743714,6.340397410132038,2594.0,0.003165651308602973,423,2734
1410.2550659839908,1147.7803418187063,394.99216792559815,3.4372786121567103,0.058277473951323294,6.950175883309003,2640.0,0.0029406274299263752,424,2734
1410.293171448457,1146.0463227901942,397.372932478974,3.453234976011836,0.05955868423256916,6.514814143186334,2644.0,0.0029093657379370003,425,2734
1410.348208072373,1147.5417536534446,350.98515034566515,3.3814935984204766,0.07406819591695402,6.564179481934413,2516.0,0.0033035105347231338,426,2734
1411.2856592432765,1146.7642752562226,390.1196678337933,3.477799780810301,0.07390843605300633,6.403289608430144,2640.0,0.0027331696508693416,427,2734
1411.2217435013642,1145.058164584231,408.2911732217269,3.4674581228462404,0.07457713507072739,6.45009752325003,2669.0,0.0029866296474274014,428,2734
1411.409059919703,1145.1240815089766,378.494596253183,3.448804203716567,0.063077897792624,6.5371386975021375,2608.0,0.0030671511059685206,429,2734
1411.2034006829824,1145.9247296528174,399.9933609233016,3.4362330800321654,0.08362527804470204,6.829710203585116,2637.0,0.0029042196244941747,430,2734
1412.3186740331491,1145.956832412523,405.7696754442376,3.443925979316758,0.07590013354063158,6.964591851087097,2661.0,0.0028676260874326846,431,2734
1412.2989741084514,1147.6568962709657,374.6914906548916,3.4377474892773274,0.057915816334687564,6.25401038790529,2567.0,0.003035279729112218,432,2734
1412.4105684673366,1147.708307160804,383.91510254121926,3.4198926633954065,0.07209336917385205,6.541267058059405,2572.0,0.0031593928382497483,433,2734
1412.2200202908352,1146.021373013189,427.28425049401653,3.4634084130584766,0.0556286905786718,6.733664549550616,2707.0,0.003088695107379782,434,2734
1411.564601635868,1145.9705392305361,365.2592859833897,3.4140904102402083,0.07250741020386688,6.417763885803272,2516.0,0.003141937411427372,435,2734
1412.1410198214555,1147.6375397185657,378.9865041577856,3.4033907420242024,0.06953040888190964,6.565888141332493,2569.0,0.003127520490542056,436,2734
1413.1524653657084,1143.3251154476388,386.40970295095747,3.4630694036681353,0.06979504363212442,6.360535107415582,2607.0,0.0028483371006903283,437,2734
1411.5749026522665,1145.9698038351335,383.56056665698503,3.4056011463939435,0.10030516040829657,6.875966370164157,2532.0,0.00295906104734121,438,2734
1411.549029165651,1146.7733365829881,367.83073424527043,3.4128067597931264,0.0777054959404689,6.454743569500237,2518.0,0.003097794921845409,439,2734
1411.5851413017372,1145.7250820590825,381.711897072027,3.429015290870371,0.07685629363766931,6.6007341099638,2604.0,0.0029628063784057955,440,2734
1412.5360346889952,1143.9336124401914,387.6520556487713,3.441040477730245,0.07146067866889455,6.491780836223443,2616.0,0.002983976192802783,441,2734
1413.1691140307735,1143.162017845851,411.89321606611514,3.4616161662031537,0.07070163493097821,6.51134501615091,2689.0,0.0030608312880664925,442,2734
1413.2468023489662,1146.6729144879737,387.02868097652566,3.4218112944451002,0.06169559679020858,6.974050723090801,2641.0,0.003000399284179058,443,2734
1412.4089362010284,1143.9730610471431,400.83511537183256,3.443732664261413,0.06474979793712814,6.502068639531501,2654.0,0.0028483059169796513,444,2734
1413.9815868263472,1141.4047155688622,381.8315115339963,3.424583107631912,0.038634701470408636,6.716347695395894,2592.0,0.002955378758062643,445,2734
1413.3609636871508,1144.0185055865923,366.93271355691587,3.4805123876301503,0.08111359639119956,6.175334075922955,2479.0,0.0034263071168951,446,2734
1413.428673120729,1142.373861047836,394.77887886049683,3.4098585799571683,0.0788264788984925,6.969331004940434,2614.0,0.002968418415506479,447,2734
1413.2671649842027,1143.9822763350544,392.3898349778842,3.4452420136969915,0.09913320659631049,6.561500669661776,2653.0,0.0027622381264235663,448,2734
1413.2325967648758,1145.868067590988,393.18914037192815,3.4413254671038107,0.0969589412457186,6.672403811915303,2610.0,0.0028332158658814204,449,2734
1413.378140897179,1145.754123631879,390.6527671864892,3.4108026682867005,0.08573143252752247,6.9555101911576225,2613.0,0.002877025811418028,450,2734
1413.220573758965,1144.8889748277318,415.3186262392988,3.4631271842844007,0.08526851248691344,6.628978213775898,2703.0,0.002941296030523853,451,2734
1413.4015581272217,1146.5809696694653,369.4183304918977,3.3951940833516496,0.1012304644806923,6.650144668109194,2528.0,0.0031987236465836856,452,2734
1413.3130654011568,1142.3687527806615,387.72742635255014,3.402690615641522,0.07843941182523807,6.756335844049332,2589.0,0.002956056619487805,453,2734
1412.4592892137803,1145.6887782875806,377.46231226332355,3.3955364726142414,0.0983865685772122,7.133007378488811,2539.0,0.003221982139524939,454,2734
1412.4455548926014,1143.2150208830549,388.56171736308994,3.4221982600059264,0.07741036382634241,6.6363837467293845,2599.0,0.0030644139532637043,455,2734
1413.2870549910804,1142.3190878771427,390.44538520830844,3.42622323586586,0.07823382209045875,6.541239680834145,2599.0,0.002989239130847321,456,2734
1413.3019094100523,1146.6181179895539,369.83099002684065,3.4054699807631943,0.09987121232613008,6.45992995680071,2507.0,0.0033911676128319432,457,2734
1413.240718306848,1145.735195610347,397.97969010546416,3.415959708651985,0.08346744977634699,7.004987063069168,2620.0,0.002969418628624462,458,2734
1413.2635970568156,1142.307289691269,412.43913981409065,3.448299350965102,0.07496907227532364,6.757707213824135,2678.0,0.0028427314571198748,459,2734
1412.574050831503,1146.5872293693128,370.1451195691571,3.3558204988621814,0.10504976880913804,7.229850546965808,2524.0,0.003331378094197776,460,2734
1411.565565790459,1146.0277840185727,386.2334484585242,3.3756210752949056,0.08521147054011395,6.9708875217931805,2597.0,0.0031022570239121264,461,2734
1412.3249891162386,1147.655274996372,387.0054756152176,3.397609854138694,0.07398200560155464,6.795481432221932,2586.0,0.002849404583974283,462,2734
1412.3484073641146,1145.8734658094681,413.09424417192344,3.415518355115675,0.06573938578680502,7.24303175053051,2679.0,0.0029796098035690063,463,2734
1412.323533599089,1146.7131976082005,411.4617377343819,3.3919205893915088,0.10298938325380282,7.381004976442501,2624.0,0.00309408186371746,464,2734
1412.2681793954162,1145.2055889743394,403.29452789636844,3.431681952981947,0.08173050386559423,6.878700544337663,2649.0,0.0030693871462964843,465,2734
1411.5937805888111,1147.6053008056622,374.0176359077109,3.3938782768834437,0.0904594267501893,6.815169632532643,2522.0,0.00307738724129251,466,2734
1411.4760539367637,1145.968071915685,398.034510306202,3.398960035693351,0.09475615252690603,7.21792276903683,2606.0,0.003054917464019164,467,2734
1412.9720326508766,1145.1986484678175,420.76105968078633,3.482757512797574,0.05845538616852136,6.7565003561748105,2712.0,0.0027658814130265457,468,2734
1412.3639722515459,1145.1811189865782,392.5158664529809,3.453932341566295,0.07167564691522282,6.659332676211785,2611.0,0.003279609029735954,469,2734
1411.3893968388973,1146.1185059182083,395.9590204164358,3.423391826162401,0.08932728446919186,6.8757502304930735,2606.0,0.0028476296603035154,470,2734
1412.2598322729903,1146.007807981492,413.5564715378354,3.459757912344457,0.07535466426872922,6.846763445789786,2659.0,0.002839777509119296,471,2734
1412.2339046822742,1144.3303372352286,401.0228436723579,3.4441919508035457,0.08654087815886939,6.622241774689857,2617.0,0.002899187096857728,472,2734
1411.5415032952365,1146.7306248435805,368.56263125343975,3.390346932594111,0.07865122762359252,6.979537606951766,2517.0,0.0029998231937752974,473,2734
1411.415718403884,1145.9011530875437,399.67166043452244,3.400592110659548,0.07849318137769848,7.064443702112254,2586.0,0.003097313766684125,474,2734
1412.2518821820104,1145.9922731475367,429.2174791024101,3.452557871763882,0.060777196961819054,7.14323106153793,2731.0,0.0025227665254003474,475,2734
1411.5613957920973,1146.051462502749,398.58030758067144,3.395858139481411,0.09915735276845916,7.041848407517177,2602.0,0.0031612083471367937,476,2734
1412.2878917378916,1144.3367521367522,391.4657789978596,3.436812609334543,0.0853894203378196,6.552311827955628,2611.0,0.0029998696339499317,477,2734
1411.4616352201258,1146.7580188679244,364.1039233708661,3.38501600193165,0.0960649271724524,7.013007958008034,2520.0,0.002931665572368074,478,2734
1411.3789307044685,1146.0784341944304,389.70833745352445,3.4247006456747004,0.09431143158912858,6.5900165000775885,2601.0,0.0029279575861639526,479,2734
1412.2967176570066,1144.2964870474286,400.53376135135784,3.440979700924639,0.08227207625263912,6.835152203858978,2621.0,0.0028073765098277238,480,2734
1411.3292974473663,1146.927276933755,392.67491401895967,3.4036552827167994,0.060177936867291816,6.843875265542136,2597.0,0.002857765423358014,481,2734
1411.359144650416,1146.0747336155305,394.185756073885,3.4259158954458035,0.08159692722790704,6.760593539436796,2592.0,0.002934919004231044,482,2734
1412.1384156729132,1145.9505252697331,431.8090148216454,3.4263463802306537,0.08211401954466269,7.356201274644725,2712.0,0.002765307586358366,483,2734
1412.4055853920515,1145.9240959541712,400.47664795040765,3.4203744955690354,0.06884431066106082,7.140614775485249,2618.0,0.0030194139105811564,484,2734
1412.214519293656,1144.342852990335,400.77736451694255,3.418234232328013,0.06150217749230858,6.989794890201745,2623.0,0.0028351375249922343,485,2734
1412.1929046563193,1144.3175738502252,392.9430218165265,3.425074468086443,0.08271635606109998,6.745320451753548,2595.0,0.0030058332021297442,486,2734
1411.4559240998058,1145.0964440460182,393.0325802582077,3.4057500529221505,0.08230509474738781,7.046751775135951,2606.0,0.0027666178870635262,487,2734
1411.5585980284775,1145.9502425285557,373.498310290239,3.3975148998811946,0.0948494428758929,6.60386622794508,2521.0,0.003060858027593344,488,2734
1412.217304111159,1144.3054719954162,388.05576485709537,3.4251256123733245,0.0652930584526118,6.448140484661662,2573.0,0.0029028976037345413,489,2734
1411.5323306053233,1145.1797537417976,377.9006204512604,3.3771287944124944,0.07386682784107797,7.104966321246877,2528.0,0.0029871153445245255,490,2734
1413.0473660580665,1144.3399431307992,391.1893925146596,3.458350988464495,0.0709130936389102,6.586172801242024,2611.0,0.0029091731580082863,491,2734
1412.2905714285714,1144.356857142857,403.00924569335103,3.3762405127597175,0.07244861970626214,7.311739171865083,2605.0,0.002877663427933368,492,2734
1412.3279641431473,1145.1959520974858,397.86991189877995,3.413134227959881,0.08338082301266043,6.938133487134688,2613.0,0.0029227091739645623,493,2734
1411.4736199316071,1146.1323074417846,389.3801019246148,3.393001216403968,0.08143534585066693,7.069839010681412,2607.0,0.002970816618152304,494,2734
1412.2650808346984,1147.6865607862687,407.0052180929219,3.417269305519454,0.0867840408957812,7.246727763209919,2666.0,0.00295417119033379,495,2734
1413.2636959740535,1144.3606430233378,407.93620686351426,3.417411279307104,0.06437906226079528,7.161821582811468,2657.0,0.0026738483705492653,496,2734
1413.1142105627466,1144.3206894164878,402.0224981828983,3.4225604223958572,0.06155807991449233,6.9568508718574495,2623.0,0.0028569078324560313,497,2734
1412.3431023198314,1146.8508472111118,398.8146708680052,3.4057000477241086,0.07676153468788502,6.960622573508926,2612.0,0.002816687406001567,498,2734
1412.4446786913406,1147.7192941360195,388.1995868413662,3.3867124459475266,0.09125704504117357,7.092894770116319,2587.0,0.0029590579019776755,499,2734
1412.3166750196892,1146.0565618958974,393.5735126587551,3.430403276992501,0.08872137249086545,6.622021584793258,2603.0,0.002953754118798502,500,2734
1413.148450685209,1146.0538040910012,425.2790840961826,3.447340396463136,0.07329150178355467,7.206173638570299,2721.0,0.0028555250871542693,501,2734
1412.3392166873314,1145.2692728466195,396.5316987767786,3.404500061614834,0.08726869588721164,7.056650463243672,2610.0,0.002659757552596965,502,2734
1412.458782973621,1146.9464928057555,382.28211268479123,3.4455119732477733,0.07624622842529773,6.388557488662204,2584.0,0.002880756159257284,503,2734
1412.5378946551857,1146.9426731828407,377.66308260231756,3.4402036514721788,0.10314802340978364,6.386669149585387,2585.0,0.0027205310363765463,504,2734
1412.2406214203895,1148.6522766323023,396.8471175712461,3.3776054810762175,0.09213942453790212,7.244846433323865,2616.0,0.0028971274604398336,505,2734
1412.4964564138909,1147.7741318214032,393.4765185107864,3.3917187680106515,0.09256802770994986,7.055248701858892,2602.0,0.002953836608760232,506,2734
1412.3770582922255,1147.0248037240326,412.43830519580126,3.4062566828897554,0.0769309696722483,7.049247764758363,2669.0,0.002591694308395248,507,2734
1411.4133343355381,1147.9709110042093,391.2425187286296,3.416669722167894,0.09685019996883716,6.881445383531219,2604.0,0.0029023529659462054,508,2734
1412.369262232995,1148.6661869413724,400.6270004020996,3.3879805728137478,0.07180451503809294,6.858180737075784,2646.0,0.002836395222879226,509,2734
1412.3363729859445,1148.7908810421666,417.45036077777075,3.4140205784548416,0.08018922536283,7.298583613186942,2705.0,0.002709715618835789,510,2734
1412.2730181301101,1146.190188410949,407.6578450299728,3.4592236449950935,0.07474895322939269,6.666285414638731,2694.0,0.0027386757962667646,511,2734
1412.2517802644963,1146.9362737974132,403.3422557551364,3.4728586185518604,0.07895899447482649,6.653007706468244,2661.0,0.0030251942668527766,512,2734
1412.3632694988628,1147.6403991488737,392.2398136659052,3.397028823536889,0.07447494079510163,7.051049552289,2617.0,0.0029400892895252886,513,2734
1413.2422263450835,1148.691651205937,396.1379324221425,3.4367111171019125,0.09087258659449797,7.02611991457455,2646.0,0.002755586259937701,514,2734
1412.3157290470724,1146.0876148105626,402.46896339220143,3.4680454531641303,0.07967574589280219,6.497956139727707,2655.0,0.0027852554632629666,515,2734
1412.376013352408,1148.4897472579876,372.2760240620443,3.4386440308099213,0.043348605461139826,6.391004704927799,2558.0,0.0030809069665209427,516,2734
1412.3000776123615,1146.999294433077,408.18940318298274,3.4490475321245078,0.0416888808741048,6.969719577385297,2666.0,0.002739078056604913,517,2734
1412.4727503168567,1146.7596361738613,394.9062626061555,3.4292869443288643,0.08881194956390494,6.977766662018852,2622.0,0.002750362350821438,518,2734
1412.302783955825,1146.0926451414987,403.7082025454525,3.423772475136179,0.05848213390213436,6.9353966845756085,2662.0,0.002864373566746755,519,2734
1412.3736522670474,1145.994644769725,408.59018537134943,3.442867713627409,0.07861431597454424,6.88520412335869,2701.0,0.0028338041792309644,520,2734
1413.1819618079408,1147.6810688281357,421.2805519335998,3.4640817857682795,0.05257464296021474,6.626820057205272,2697.0,0.00267052071445383,521,2734
1412.2621938381642,1145.9726296582216,403.65918538512784,3.4378473353763805,0.06893158918462268,6.855605506575966,2664.0,0.0029014130659011654,522,2734
1412.3165875433997,1146.1359030680933,409.1537436104393,3.4831944622532967,0.06843871719893495,6.436061155071036,2689.0,0.0027409076579641683,523,2734
1411.508888397138,1146.9952054289297,389.3992977676693,3.381193622160772,0.08730636836608877,6.97971744173074,2598.0,0.0029241631122034414,524,2734
1412.3321056732063,1147.0463913874921,407.20381410096866,3.4409819769639567,0.08183655437708556,6.777597302480886,2684.0,0.0028420265010101957,525,2734
1411.519968879668,1145.350968188105,362.70085904749,3.348052736009127,0.08790661992163562,7.11731457501558,2516.0,0.003108145249733074,526,2734
1411.5592997133783,1147.068401890154,388.2787464268202,3.3946981487246215,0.08848082641338659,6.887894719323094,2602.0,0.002626758013530415,527,2734
1412.170769118399,1148.7737930027024,396.0597248434665,3.4562385176189308,0.0890910484046772,6.5089064414418205,2610.0,0.00276253165197331,528,2734
1412.2884881149807,1147.9304864566059,407.0908253319695,3.460579152505737,0.07059505818484345,6.947998469941712,2675.0,0.0028654165041328864,529,2734
1412.2353902420045,1148.6489767333283,390.2602559797414,3.435930476570458,0.07490369665795599,6.589874371457776,2604.0,0.0027919157486426364,530,2734
1412.2941051588705,1147.020663788833,405.37849238907353,3.467674759841186,0.07371793197969484,6.454614732682863,2679.0,0.0026963271914569953,531,2734
1412.2847991559274,1146.1473358956966,383.3342750874275,3.4586366472910646,0.09317029551697757,6.413460627734486,2605.0,0.002798508329412017,532,2734
1412.3664921465968,1149.6288730581066,362.6070885688101,3.4105915294451026,0.09062519681381513,6.473459310128959,2515.0,0.0028522018580795987,533,2734
1412.256937307297,1147.0691332648166,416.58340743313767,3.457598094597109,0.09403473140784814,6.679035103758425,2694.0,0.002592877873097742,534,2734
1412.2966025255562,1145.2927690920023,391.6850184980799,3.4190778296276196,0.07703168383504685,6.624258054875825,2608.0,0.002950418857707417,535,2734
1411.5363476593704,1146.9325770889918,375.8546320644885,3.390069423801613,0.09197797375464276,7.11595684608434,2534.0,0.0029063032115370737,536,2734
1412.2706498799214,1147.8259951968562,404.5367301529578,3.478044080599317,0.06372251446642192,6.565147429161603,2653.0,0.0028580146681117255,537,2734
1411.5432285115303,1145.3443186582808,363.99650668938506,3.3724248658629867,0.11092493303909864,6.562620456035035,2514.0,0.0032040785623811984,538,2734
1411.4449307075129,1147.636761487965,360.44745761602155,3.4043492726713507,0.08052720266881373,6.6603468949228395,2514.0,0.0029695442704712727,539,2734
1412.2377418081326,1148.7058823529412,387.45789362473965,3.4231740834157307,0.07606815015926634,6.516267772765065,2594.0,0.002846670231404308,540,2734
1412.096428828052,1147.0141553495725,407.87122766095774,3.470743260028791,0.07044488025708381,6.447630242538672,2689.0,0.0027211420709923376,541,2734
1412.1957430634739,1145.324439376663,398.1749756774967,3.4353119656046123,0.060559882747448626,6.780022390859694,2612.0,0.00264868160414298,542,2734
1412.2918061417552,1145.2103041769758,398.1090144396014,3.4401974538275413,0.0727783749535475,6.75006551916949,2642.0,0.0026272675411203143,543,2734
1411.3419515045282,1147.0592316681273,393.5041072481707,3.408383145220278,0.07505063507336603,6.782571524289241,2578.0,0.0029118563365552446,544,2734
1411.471103585364,1146.112861665317,388.649769550811,3.403857740164305,0.10426811177156797,6.952948096948177,2604.0,0.0027170393884448345,545,2734
1411.4759576202118,1147.719967400163,360.83918647241507,3.404967845805573,0.09264135583974657,6.440406017722811,2513.0,0.0029077875046268587,546,2734
1410.3829539669841,1147.7310741037015,376.26563533510756,3.3966878253200754,0.08231402344914224,6.785970297658838,2519.0,0.0029399338841912858,547,2734
1410.1882204326544,1150.7678035686088,385.4654498798311,3.474967439443859,0.0565660804957513,6.238782348441921,2525.0,0.00292911590230194,548,2734
1416.3710407239819,1158.1512936535562,265.3600445371473,3.467348902497221,0.04669230703433121,4.341079740078636,1900.0,0.0044006034970367775,549,2734
1421.0032679738563,1163.7418300653594,38.048281890707514,3.43235280116045,0.15373919471532896,1.3366634977944634,599.0,0.05598411608842364,550,2734
1307.823680823681,1641.5431145431146,23.178836927170384,2.9063016785236604,0.12942776174961787,1.4020660689536781,710.0,0.02792651563382433,615,4101
1305.550576184379,1649.886043533931,23.936599375269015,2.9762181573006963,0.3752204412861101,1.31789215510444,676.0,0.02956155588184846,616,4101
1306.5739514348786,1646.9779249448125,26.53258120266054,3.29190592083241,0.06605000438743379,1.2007017983543953,704.0,0.027130864415636696,617,4101
1307.5287244401168,1642.4245374878287,31.412647116852465,3.028427468318599,0.10757889463561104,1.5599269746440854,736.0,0.023854700729289413,618,4101
1303.8576923076923,1632.6602564102564,25.49688030194027,2.8527988955517944,0.5381581309305742,1.5690387878117087,923.0,0.014788906165219821,619,4101
1307.5403422982886,1643.6870415647923,25.712447388849736,3.0716783399244263,0.24659353281585158,1.3830656297180786,685.0,0.029333409282142665,620,4101
1305.4602564102563,1648.7358974358974,22.438202761684007,3.2366094953888127,0.37547643167419587,1.2369778445543749,677.0,0.03260107378377407,621,4101
1306.0725513905684,1644.738814993954,25.593537104285442,3.3149837543213923,0.15022582468456291,1.299792694534448,724.0,0.02253080587261267,622,4101
323.06048632218847,1568.2371833839918,305.4512832155953,3.442184222095759,0.010284119823163558,4.9825386623820505,1688.0,0.004533901320885123,622,4157
1307.7697674418605,1643.1813953488372,25.7058092436643,3.0054214578882084,0.29440997283465487,1.5543047449657483,709.0,0.027201050067357173,623,4101
312.2707164779342,1565.0612763255372,282.4351064457953,3.4598065557662476,0.04033204631100076,4.872147565950327,1663.0,0.005274024732925303,623,4157
1307.2386363636363,1641.5426136363637,21.45786507925508,2.8860951915252993,0.1394754649642789,1.3106366454658642,729.0,0.024997424397524184,624,4101
314.3545508625818,1562.8125123934167,307.4204931667141,3.4365296838663255,0.052323014564651625,5.242546581863457,1759.0,0.004873182774170966,624,4157
1307.4437086092714,1644.962472406181,27.729639921593407,3.0816697976457266,0.08764405880470565,1.3772999961056327,702.0,0.028460378973165237,625,4101
322.3022787590372,1561.0795277752356,334.43904572102775,3.4546308396304437,0.042763579011502025,5.509199984422531,1847.0,0.004633590283598457,625,4157
1307.983418367347,1642.9489795918366,23.779213094223106,3.0620704613388767,0.16946256672099277,1.2738864157619523,696.0,0.02797844720491102,626,4101
330.26621964479887,1561.917995650598,334.7288210559263,3.4222450975628087,0.036133096578028046,5.671827613035359,1851.0,0.004407948696882055,626,4157
1307.9081145584726,1643.0787589498807,24.513502892346686,2.939931647282318,0.34210268787018216,1.5503766745756258,708.0,0.027531846631835177,627,4101
337.4543552681628,1560.2909851654622,307.6181341478732,3.4218715669820954,0.03199050816020346,5.499449336230521,1773.0,0.004865148312436095,627,4157
1307.3663570691435,1645.421052631579,28.884343025465462,3.1298028108292897,0.08044218933375488,1.4009949661474477,712.0,0.02539332856258524,628,4101
344.42428324033096,1561.342793919569,309.8285463433313,3.429447795214837,0.03522985700276559,5.663596671659895,1779.0,0.0045301577057961,628,4157
1307.9666666666667,1642.0857142857142,30.789094006507028,3.2141058150714623,0.17321531728117107,1.5541161736617835,716.0,0.025962627876209888,629,4101
353.28274021352314,1563.885231316726,329.58992060298954,3.4168308556446587,0.05975561464293135,5.630005761189857,1839.0,0.004512092071149087,629,4157
1309.960372960373,1649.3216783216783,39.22913001765517,3.20680608762134,0.06910998613256432,1.5545342897439114,610.0,0.046201186199434696,630,4101
360.41828850855745,1563.2505623471882,311.66888456140185,3.421791235117028,0.03608535608714744,5.486591610860864,1765.0,0.004672780915880199,630,4157
1307.6827048114435,1643.734720416125,24.017485773470245,2.582324634928004,0.11084041415247291,1.5616050567926036,694.0,0.028084831387673665,631,4101
369.31267396548526,1564.0461124512897,336.61958604221365,3.4325810594411954,0.05172753125778266,5.653010305589225,1860.0,0.0043540741520437425,631,4157
1307.0092485549133,1645.3410404624278,25.388210694527555,3.169398476872593,0.19919332784344795,1.2620729015776704,714.0,0.027407947369664176,632,4101
378.12744394618835,1564.3295067264573,327.2584384323494,3.476751744169112,0.004560647980854808,5.253745334474488,1842.0,0.004723267780021498,632,4157
1309.3806921675773,1653.5673952641166,35.42646225994314,3.3566126997360217,0.08913547340099588,1.3228460406718294,598.0,0.052140821185451755,633,4101
385.3712279966471,1565.364103101425,307.93274663834,3.456865079476384,0.04306802358774775,5.3236487002646795,1762.0,0.004808244331365318,633,4157
1306.9425587467363,1643.1853785900782,33.750832373524396,2.9011866963660666,0.17968749152712182,1.703697369594791,729.0,0.024373913242763636,634,4101
394.2858779971791,1566.8015691114244,333.21970621867774,3.4236071673998123,0.03204519446993703,5.757322145527225,1852.0,0.00442449704942219,634,4157
1308.1423401688783,1643.6441495778047,26.67253754974438,2.6402745041334854,0.26466259565881883,1.6087175844236659,687.0,0.02901755738201765,635,4101
401.330550918197,1567.6610036335069,327.6314232437238,3.4179256073142437,0.0711049691402948,5.887906358990617,1848.0,0.004389501628220718,635,4157
1308.0842787682334,1639.2333873581847,19.3825822630696,3.53037295838324,0.12470506166111532,1.2565693525490829,728.0,0.02448944972942563,636,4101
408.438272797527,1566.8945131375579,325.2001484397026,3.3908089016823073,0.05029664042014314,5.6859763202846,1850.0,0.004434642311060569,636,4157
1307.874717832957,1645.5722347629796,27.95227932818705,3.478408084037447,0.11255970255148985,1.293502768008656,693.0,0.028370829486767446,637,4101
416.3471074380165,1566.1686868686868,343.5669547222991,3.418109283563088,0.041047303196734816,6.1520253600411685,1876.0,0.004329152542184597,637,4157
1310.763779527559,1650.051968503937,39.1388129389875,3.4903692018688126,0.1398551525988063,1.3868083324838092,603.0,0.05001756280974034,638,4101
422.2630132279677,1567.0829754337742,358.78272459503347,3.438067158940219,0.04244723894936483,5.978684811152421,1925.0,0.004267350994370004,638,4157
1307.5744920993227,1645.068848758465,26.182290699357434,3.019500205305836,0.2609839406280556,1.65486261756661,680.0,0.03177338535221801,639,4101
428.5864613702624,1567.7482689504373,324.35307304305553,3.405775620937898,0.06945881856982368,5.614712452458141,1855.0,0.00463728820874062,639,4157
1307.4916759156492,1646.1598224195338,27.099830579748904,2.9513254419997286,0.12244966100943837,1.3835651572346832,692.0,0.028030122045465768,640,4101
435.54247297174527,1567.893249750159,331.0630801235252,3.4017775482637536,0.0811492318752121,5.684648146029459,1846.0,0.004346989078958428,640,4157
1307.8989898989898,1644.2727272727273,23.004511278636887,3.0459444804161775,0.36472642892255164,1.278028404368716,703.0,0.026501094574649452,641,4101
443.5266561789897,1567.1274252753014,332.34547733606473,3.389373360101444,0.05206277920735699,6.012542720552823,1855.0,0.004293701952708124,641,4157
1308.018045112782,1644.4646616541354,20.792758626592946,2.8575187722628503,0.36094438274763097,1.3132268606269228,680.0,0.031409347874661715,642,4101
450.41595414826645,1567.057502583858,332.7779399441033,3.3898971665763575,0.0538716349313867,5.87825356661575,1868.0,0.004537335667823521,642,4157
1308.4679245283019,1643.0364779874214,23.503024006037492,3.0375014558580253,0.05225153280676347,1.2712327449806442,699.0,0.02719878418745578,643,4101
458.9999098530605,1566.5567474984225,327.94848465279733,3.415949355200629,0.01730500644240788,5.735329128517325,1857.0,0.004323172378464688,643,4157
1305.2198391420911,1649.5187667560322,21.626230036457038,3.106466489157315,0.13400875580118,1.3045313024672476,696.0,0.02951226106113018,644,4101
464.52437417654806,1566.9913921826965,330.0464195242136,3.3754389424869795,0.06539222436698235,6.029833575848611,1855.0,0.004651296319022073,644,4157
1306.050123253903,1658.2177485620377,36.25853039545587,3.343643327036959,0.12282276402165639,1.3407016169231833,597.0,0.05324011570186114,645,4101
472.9579035639413,1568.624570230608,355.2859284846436,3.4647430560496755,0.011015964566179775,5.750120268137208,1954.0,0.004242985796009536,645,4157
1295.9275618374559,1658.655477031802,32.53806849044321,3.144910072475459,0.07884520385016382,1.3797060844004188,703.0,0.02796836552792838,646,4101
480.11230207064557,1565.3150629313845,353.98084227898244,3.4602434325147513,0.024301126222443854,5.691287598151728,1944.0,0.004268476370155239,646,4157
487.1448351095074,1565.2107073928003,361.73468815544766,3.4291765031081187,0.05116981185236552,6.2530289301017214,1963.0,0.004414756168070036,647,4157
494.3743725231176,1565.5183619550858,350.60988093279394,3.374940676615474,0.07283356893995407,6.422444318275749,1943.0,0.0042460399488012885,648,4157
502.3959544672836,1563.0991728769143,353.07386761938574,3.4039579635150865,0.04256290085502875,6.216598275175492,1942.0,0.004346010980924705,649,4157
509.09279456463435,1560.4924906132667,350.5658664016474,3.4172682295498644,0.03097390992736774,6.017222094503514,1942.0,0.004053359936107308,650,4157
516.3196906499826,1560.0875043448036,351.27840736367943,3.3881912742976854,0.03519290851841997,6.043893348801576,1921.0,0.004132212351911119,651,4157
523.2601598653765,1558.3326882625158,342.8222724084267,3.444835415389964,0.02663622858155065,5.711300794015019,1940.0,0.004327812002987904,652,4157
529.9374404107077,1557.2213421342135,385.482875554607,3.414318734961494,0.03222388892692099,6.4459182711001395,2037.0,0.003824813554718506,653,4157
535.3539163231295,1554.4268923778616,344.75811526902237,3.387755598073949,0.03440757752903713,5.957139611261943,1918.0,0.004321128423181117,654,4157
528.2066326530612,1552.9183673469388,11.48663383377254,2.204471337430138,0.7561829949731768,1.2014081305731483,576.0,0.06673393744923153,655,4157
543.2269520412208,1553.9616329766152,369.652769931226,3.4160215645352414,0.0632111553683455,6.387974938169423,2032.0,0.004167314352355094,655,4393
548.4393668623946,1551.1089268998383,344.21162015627414,3.373710856395088,0.04497810588125561,6.180635848266006,1938.0,0.004413795788159567,656,4393
556.9903610234841,1547.4593410445145,342.1868252522583,3.4303699195258726,0.02679836141811121,5.637147138750838,1919.0,0.00427564278104838,657,4393
564.2737709227938,1545.525194987293,348.8653706807977,3.3909647095708086,0.023817791188475,6.236836002005322,1921.0,0.004255693630895414,658,4393
571.2679660882656,1544.12550511053,363.16831100694367,3.410810240327558,0.03829058175481315,6.301708272761323,1958.0,0.004043082990228181,659,4393
577.2610993657505,1542.8890063424947,380.3221551343195,3.4341137277997476,0.04540952616140397,6.308807907578563,2029.0,0.0037170565113638795,660,4393
584.4320265432638,1539.1887715009168,362.025862986932,3.42116309711289,0.05042187148678213,6.258720062115824,1956.0,0.004382429842342959,661,4393
591.3076121864422,1536.049995660099,359.30906061367443,3.4033839494085,0.052165363102661066,6.424586970438064,1959.0,0.004096145166725416,662,4393
598.4219738680254,1534.0449502835072,352.5813453649416,3.3977558540093313,0.04418231387437369,6.055509999282833,1945.0,0.0042466436275608544,663,4393
607.6499827407663,1529.3494994822229,347.944586100915,3.4154565520220617,0.024884288401901187,6.125362061148314,1943.0,0.003924362507955135,664,4393
612.294366311682,1527.8817982277862,360.9239995139447,3.4048435972827833,0.04263780499797125,6.337662295342822,1958.0,0.004110839117622765,665,4393
619.0074133763094,1523.9876712328767,376.70700555466016,3.480566515892951,0.025884022129792524,5.737117167593133,2025.0,0.003765221623893503,666,4393
624.3904681568958,1521.6244622522142,355.3190289738369,3.4306407063173223,0.04825833864125508,6.35408132791678,1963.0,0.00394526348376098,667,4393
630.3217865447839,1516.477507818138,351.32207252453645,3.3716663641358147,0.054037805434679356,6.394844877160595,1931.0,0.004253877548359889,668,4393
636.4986680873735,1513.2080447522642,358.73935857032853,3.3701790617394236,0.053260818663665443,6.5300629112872794,1952.0,0.004206723239508406,669,4393
641.557496850063,1510.8311633767325,357.02576838238616,3.343212296374675,0.057524590598336686,6.567714680868759,1945.0,0.004060476233487017,670,4393
648.3702672121159,1506.359126120637,357.4561294281437,3.4030854401064174,0.04618245428445589,6.222580371279374,1954.0,0.004077376941229661,671,4393
654.2559175257732,1503.262762886598,364.06514286812285,3.416889524204515,0.04046796846509256,6.215380171026922,1949.0,0.004199464706719344,672,4393
660.2459379615952,1502.0810766453308,372.0180176485277,3.437145159460349,0.02581778382331292,5.891964336629398,1981.0,0.00391056424716987,673,4393
666.0632601420292,1497.4872255326095,354.5424778661834,3.38944955656012,0.022255631091374146,6.279954101457986,1949.0,0.004049260041311774,674,4393
669.4566613162119,1494.4159978598182,350.6021201728782,3.343510413760821,0.03541135580942686,6.7844355339321,1954.0,0.003969860656954201,675,4393
675.1240015816528,1492.8355871886122,385.2732659889728,3.439943997999283,0.04138945432186422,6.398369779176298,2041.0,0.004031991478323605,676,4393
680.2155302395711,1489.5984251968505,357.8904537758097,3.3799567882990713,0.040982020626722356,6.505463936115824,1934.0,0.00441496005508864,677,4393
686.3381903642774,1483.1497845671759,370.03805463742316,3.3829947308562534,0.05680691086437195,6.551398382143175,1961.0,0.003952440947200217,678,4393
691.3784127994905,1480.1242537610444,369.75188221020727,3.3730723104124514,0.05185602818617245,6.769317273608825,1963.0,0.004109785129091886,679,4393
698.400354295837,1476.087865367582,338.69519356984614,3.3857671146768618,0.05078741252187537,5.999914855090277,1850.0,0.004683304226373515,680,4393
704.4608993576018,1474.748436830835,336.17026537521014,3.3765788598185997,0.04521241836878768,6.13312775374045,1852.0,0.00477253486352396,681,4393
710.0892838689676,1469.8574971582102,300.3889418001215,3.4564115824331227,0.057973826566286926,4.749354975242181,1655.0,0.005684534935109807,682,4393
717.8246016278803,1471.9947265848905,252.07173076487004,3.455254336361719,0.017218129271751488,4.219015555619744,1497.0,0.006409820384011814,683,4393
721.6000431685733,1466.0353982300885,139.82898303777293,3.479550819372732,0.0847471118539703,2.6257546998243564,1031.0,0.011259854313207522,684,4393
974.1230810847366,1624.7618854399134,416.7372632032937,3.443944841242456,0.028689979749006243,6.763842778710387,2148.0,0.003534253830319766,730,4767
974.4317089910776,1630.5840006100816,381.17217515665214,3.371006510354796,0.05050563307029754,6.889179098004008,2036.0,0.004077411260344498,731,4767
976.9278101905874,1635.4884480746791,388.29626238826296,3.4164472802415347,0.05282592688965847,6.61508218304392,2055.0,0.0038689953414452263,732,4767
978.2681406736905,1644.993248256418,407.36102289425855,3.41851274838808,0.031835601465448324,6.830656712724621,2120.0,0.0035021856524415176,733,4767
978.194543730396,1651.2938215770662,400.79326151990915,3.4666380965097905,0.027341427198974824,6.314927747341191,2121.0,0.003806506695794619,734,4767
980.2183267494356,1659.3336625282168,410.7449917475951,3.4352586064228494,0.040996747209679815,6.924947307257001,2142.0,0.00348518817716253,735,4767
980.5310394037897,1666.865139142155,375.8903999065281,3.4022462394069932,0.034034584665409984,6.526599348254154,2039.0,0.0038102045560486843,736,4767
981.3672365119197,1672.6495451693852,382.92481263921655,3.3873472963956615,0.041517453994537455,6.756436860400229,2038.0,0.003700894486913739,737,4767
984.133412042503,1679.0,420.742265184043,3.476739050405253,0.04456131053005415,6.516113975695644,2142.0,0.0035250530122545977,738,4767
985.4412593606571,1686.6846767050488,377.7232941254148,3.375498937213108,0.0500270603886713,6.904194199731794,2040.0,0.003931344517099371,739,4767
987.2659899992536,1692.9587282633033,410.69834250748397,3.4373151525383863,0.035180272410351245,6.590054753273308,2128.0,0.0034819919682418546,740,4767
988.4722129506008,1700.4711281708944,350.3911971242175,3.3649438523556388,0.0613636210553665,6.256985662932456,1997.0,0.0037738336573260745,741,4767
990.3606827798895,1704.9700925195439,404.06367442081097,3.425417687995166,0.04790382161730085,6.578387297821423,2122.0,0.003376088574122337,742,4767
991.4375279225615,1710.969024571854,383.96409114180864,3.4062051912523374,0.053374089494875,6.432756553008708,2045.0,0.0036878632930953752,743,4767
993.4212048591025,1716.49888438972,370.20581514673216,3.4102224835035044,0.048694057734055676,6.516307629638373,2043.0,0.003790757245361997,744,4767
994.2490217004624,1725.7562433297758,402.8253801914739,3.4354959634846285,0.03855028079795886,6.763912467106927,2114.0,0.0036545773922595543,745,4767
997.1303206997085,1731.6567055393587,400.7637306880313,3.4598277649711564,0.036091888693025986,6.397030395093211,2114.0,0.0035127026105557,746,4767
998.2212946690099,1737.8670913884007,417.05544539587896,3.4466071376891807,0.0356625634310987,7.115840566581707,2155.0,0.0034807459869285193,747,4767
1000.1812673382975,1744.1051978391006,405.61830269654314,3.4684822901367482,0.04919805130925976,6.2776376238623985,2131.0,0.0036284636068151807,748,4767
1002.3541186750338,1750.1394074191755,396.0484946801614,3.45182337289506,0.04588202044999623,6.229057267985699,2101.0,0.0033480072935863038,749,4767
1005.1590323069922,1756.64325800091,403.2418627859156,3.4466420942814917,0.02026468385018436,6.513765870878205,2128.0,0.003195484731830756,750,4767
1007.5557922979798,1761.348721590909,368.221832889272,3.38501600193165,0.06704156276058697,6.508971793497231,2027.0,0.003653614475296589,751,4767
1010.3576950665498,1766.4795568661832,376.9571747250311,3.4176019645378646,0.06864188007771062,6.579550590960533,2043.0,0.0035412707690229603,752,4767
1013.4385456352493,1776.4860858042073,350.47526253688676,3.345689648604682,0.05597754676337428,6.531135834917966,2005.0,0.0038860082389105023,753,4767
1016.2807564121142,1782.0807129401535,402.02327133574096,3.4411124495714414,0.050475973301356065,6.874184323665763,2139.0,0.0034274665228240736,754,4767
1017.5532616238723,1791.4300832755032,348.80389620787736,3.3572815413180983,0.06996267813149276,6.596048696505662,1956.0,0.004143908788189704,755,4767
1020.4944283646888,1796.9808972503617,410.44992139941,3.422693906052609,0.03853127653994766,6.652733892436168,2131.0,0.0036087809878580126,756,4767
1021.3713003119532,1802.0938141976717,400.17583129205184,3.4304538170858376,0.043701122919387436,6.4244921557196175,2121.0,0.0036330227046984555,757,4767
1023.3982208267922,1808.9689018464528,387.47786778611106,3.455188414420161,0.044611070700660706,6.401480808905625,2057.0,0.0036476338314137637,758,4767
1024.5745635503345,1816.9278838309676,370.15714099054725,3.405448495912534,0.05688797232731202,6.220620904230113,2008.0,0.0037676140138791863,759,4767
1028.1106434155142,1825.4814341551414,376.3816675328931,3.4190998136612967,0.03389745213213295,6.478608077648266,2038.0,0.003840000769373085,760,4767
1029.3284879474068,1830.045142439737,384.50821227864276,3.4266071019049473,0.06471772496611064,6.375702278104596,2095.0,0.003937140973563259,761,4767
1032.3382268982955,1837.681592039801,375.2539547648559,3.4106321572301144,0.043941356578517984,6.365942630380069,2042.0,0.003572770942772402,762,4767
1035.072254094953,1841.5847676062194,374.1260089795228,3.4132029341309544,0.05618672411854555,6.62582854515992,2052.0,0.0037485628330639694,763,4767
1035.292775377151,1851.5544689561063,371.5600309744329,3.3660850242632505,0.031621436303899124,6.844749262890394,2023.0,0.0036435900781827935,764,4767
1037.3051504809184,1855.3271020788086,381.59916726818824,3.416766620051512,0.05641340890603056,6.36393274609529,2042.0,0.003931473426479932,765,4767
1038.5041058757872,1861.955114406442,384.45981257302833,3.3909945409451905,0.058483468829717146,6.681993075095287,2040.0,0.003525163071233245,766,4767
1040.370048556095,1867.6543146775705,355.83089870473935,3.415737544014257,0.03748491220604136,6.1533071332363996,1941.0,0.003970678401014501,767,4767
1040.3273118610193,1873.9398877700053,379.71539632370445,3.413830601061211,0.05121477552939864,6.450695871130655,2037.0,0.0036357596849866144,768,4767
1045.8995234633712,1878.27703739601,389.4843569634807,3.4653604492711736,0.02036725207954152,6.354562644909386,2090.0,0.0035556263163147293,769,4767
1038.4281040123988,1887.547012226623,364.537316516306,3.3583029532303823,0.07612268292857141,6.560039534347164,2018.0,0.00359840874221306,770,4767
1041.9286454137416,1891.629991943837,267.578718166492,3.458232774272085,0.014524656544163905,4.5576764056440116,1581.0,0.0055136585315752,771,4767
1045.7519948930737,1891.438397701883,186.99337275405088,3.459191671767209,0.013206511803752177,3.4617349568257105,1222.0,0.007141948882407732,772,4767
1073.448472376128,1895.640098147855,373.4172398104205,3.3889235625453478,0.04956105743096085,6.620663425481573,2042.0,0.0038529817695030248,774,4953
1078.0345670960378,1900.6085113321376,375.9236603769733,3.433275367473369,0.04135632365964924,6.282761322132686,2034.0,0.003856236568452658,775,4953
1083.2839059674502,1902.4310087271012,375.67831705960384,3.399298799691733,0.05694898795713316,6.616238935557139,2042.0,0.003747373526700357,776,4953
1089.2767361842568,1909.0425531914893,415.6157874446359,3.4718667280509337,0.048565676523235755,6.624870707810711,2140.0,0.00400423671084158,777,4953
1086.3153784860558,1913.859920318725,380.96193144599374,3.4381965067639033,0.053559928966426015,6.283595203929937,2038.0,0.0038224511557695007,778,4953
1084.5566073102157,1913.6761012183692,337.7093896345724,3.3942588940076655,0.04803686967728763,6.171821085167911,1931.0,0.004284088894221758,779,4953
1085.270215104412,1909.10111477469,389.8931970097707,3.4171438878758793,0.05166426919357645,6.611472017122819,2046.0,0.00365863985890646,780,4953
1084.3372514290315,1908.3746075195234,368.7097843732985,3.420576879403177,0.04504955292957453,6.114983945004386,2005.0,0.003784757472130088,781,4953
1087.2652412845612,1909.332904001374,377.14281551336865,3.4273951638933684,0.05087710432565984,6.31485909540674,2040.0,0.0037341155682790624,782,4953
1088.3639520463,1911.7088879702355,375.3942698154934,3.4241681699437927,0.039577005763657074,6.300540452463427,2026.0,0.003867733035410331,783,4953
1086.3106168694922,1911.3182543013008,370.9129772059035,3.4277507860274854,0.06246616972791206,6.22598367110203,2030.0,0.0038846102090043405,784,4953
1086.1356846797528,1912.8751075310863,380.17641141246315,3.478362661337241,0.03164200356459219,5.73817528760502,2035.0,0.0038715464109402185,785,4953
1086.4058435774095,1911.0086406556209,350.90452509834626,3.4401683964765675,0.0358245576909331,5.657733746909021,1932.0,0.0040736609770202666,786,4953
1084.401589340183,1910.9609086530743,374.07864709496243,3.4335421581050944,0.060255106823378354,6.335735634695543,2038.0,0.0038329513122607683,787,4953
1084.2679982440739,1909.946297922154,400.39678926939763,3.440461018852231,0.057402658431243384,6.503371906482753,2109.0,0.0037960589160681104,788,4953
1086.5426752593523,1907.9082049669914,384.2037133242238,3.4224121240632206,0.09173156660329349,6.4617726069933905,2105.0,0.0035396694430800627,789,4953
1090.8847019591497,1907.5720716965402,372.6791771398325,3.406256656532344,0.02347941425904859,6.462465097547741,2069.0,0.0038883796476784412,790,4953
1088.4876309912386,1912.50781652637,361.29962491624826,3.379417168979406,0.05527567596115241,6.610274876066044,2036.0,0.0038128717120470865,791,4953
1086.3312985974856,1912.9694062931474,404.0122496837253,3.4662826169518848,0.04921003170035937,6.429669550231512,2142.0,0.0035339666219900605,792,4953
1084.5262460672297,1912.6809074350058,363.9912274778657,3.3462244518955964,0.07881447897874123,6.871170712448533,2025.0,0.0036610526659461907,793,4953
1083.5412445730824,1909.0062457155914,396.1995672053623,3.3893957656238136,0.06485072096848953,6.7899232707141834,2101.0,0.003420978567350398,794,4953
1086.4927004387714,1906.4557638611886,369.76921019168464,3.3595709833046814,0.04757291694775699,6.7552572105222,2028.0,0.003831231464179808,795,4953
1088.3285768500948,1911.991954459203,394.7116959749356,3.4596618277006983,0.050249815888715195,6.321378964000866,2122.0,0.003684478313475912,796,4953
1085.320725682352,1910.3315785210982,380.99458881006194,3.4453231899269645,0.05549898384878832,6.171451993359714,2092.0,0.0034051839001471235,797,4953
1084.138733705773,1908.3039261328368,403.50598585452445,3.43843837708314,0.05957143340152734,6.856596128347365,2136.0,0.0034928955666911074,798,4953
1085.150501156515,1906.363299922899,397.84425285766025,3.4141977590207615,0.05092336205632723,6.993715470435354,2131.0,0.0036745298144941173,799,4953
1087.8325569992646,1905.4917872027459,381.6951238221096,3.3762094948684944,0.0355146803677919,6.9557908484375615,2085.0,0.0038362336583261506,800,4953
1088.5745738093417,1910.0692607598808,379.7365465103756,3.4174440199792473,0.06348019213313492,6.415547494747574,2077.0,0.003633269971870791,801,4953
1085.5788072417465,1914.5198793042243,342.52300499929896,3.3598255021713292,0.08297225196786603,6.4747426397631065,1947.0,0.003998071127330978,802,4953
1083.5854061647797,1912.0209900008265,374.63002585842975,3.408477305778143,0.08472890759233055,6.5322647265621585,2039.0,0.0036594766188781267,803,4953
1083.377047870215,1910.5659713897546,367.9803145424138,3.385899748989238,0.053986363182519044,6.469725021923682,2029.0,0.004045484698234451,804,4953
1086.2742206601467,1907.1423441320294,399.15974080825515,3.4211784669451966,0.05212478523087972,6.862082952464656,2124.0,0.003496412275143699,805,4953
1087.4796287557024,1907.331445650464,374.02747119652054,3.408065828980904,0.038836912641033755,6.648592770993679,2052.0,0.004030127031969612,806,4953
1089.9374295801097,1909.2895665890483,405.0820024855386,3.4588936115685356,0.02025234733291903,6.511496171554516,2141.0,0.0037661016848715887,807,4953
1087.2565751858206,1913.793596340766,403.22828361296894,3.4347216408528567,0.04967197258102558,6.7435261839218645,2115.0,0.003916103848802998,808,4953
1084.4037896365041,1911.3006187161639,378.27494669193544,3.379799872345625,0.0851695529235304,6.7287886882556185,2043.0,0.0039562484758109764,809,4953
1084.0584274706366,1912.6766664172962,395.6228272986705,3.4233148134683606,0.05172993107628873,6.540932507893033,2115.0,0.0038437116209791285,810,4953
1084.4346940374521,1908.142051241871,390.0758628809775,3.415206739850838,0.09138530760608243,6.784991111774427,2073.0,0.0037504866144174617,811,4953
1087.8455855190248,1907.2500184706316,396.7409244455387,3.457205791921933,0.02923618416026489,6.507313278678212,2126.0,0.0036495948015455117,812,4953
1087.3474000925783,1910.8543434655146,407.15346497519255,3.441007682094042,0.04696612888476957,6.690610094099369,2135.0,0.0035047919492255278,813,4953
1085.507977184426,1913.4652393155327,367.57825894339936,3.375264632833247,0.06591084870493902,6.745670288950539,2036.0,0.003643731461732328,814,4953
1082.5942041301946,1910.0520098580778,364.65047067956107,3.380717571166997,0.08579120658713679,6.507741891961232,2016.0,0.004234247376279737,815,4953
1085.377843632877,1909.4273511723177,353.9048531746138,3.3880728653295975,0.07603887029863146,6.416125639354978,2016.0,0.004004995076197843,816,4953
1089.2071651090343,1908.444663059518,376.4297240532412,3.416478205944496,0.031977250790180684,6.5423103377018474,2044.0,0.0036174258634473207,817,4953
1086.1152205939366,1913.653252694425,376.87042034255694,3.434835160480003,0.04951815526956356,6.428742535113789,2038.0,0.0036634329227962477,818,4953
1085.2581353726,1908.3055645948584,376.73055816712093,3.4425814068220393,0.06229357535743898,6.160335355645242,2040.0,0.003728188231016731,819,4953
1086.3299931155818,1907.2872332287923,370.64394103069947,3.4127675470200303,0.05356318365041339,6.209058600606072,2013.0,0.0038780283549251534,820,4953
1090.8505630344594,1908.526627719922,366.0412437780824,3.414137857889547,0.020012516011080658,6.539217884783286,2003.0,0.003954620216035611,821,4953
1085.2681866707335,1913.0090742717707,406.1070815282348,3.4460481463192063,0.06002670769569425,6.503163574876416,2113.0,0.003427989889492058,822,4953
1084.5146873158826,1911.5470919956233,344.4875125849871,3.3295042957346084,0.054210009841928135,6.320871790550222,1953.0,0.004053026038880486,823,4953
1087.060690645187,1907.4108780604513,378.81932040546485,3.419974819989118,0.0493705885368797,6.4047927207878255,2033.0,0.0038442794653038245,824,4953
1088.489290110792,1910.881493639721,365.02513760648463,3.4196084262799653,0.047563621336950475,6.2310405106400335,2023.0,0.003597369593290589,825,4953
1086.3133385951066,1913.9283202984861,404.2026609772719,3.437674767420281,0.04628952509391998,6.757495874844253,2129.0,0.0035156987618941466,826,4953
1083.3820509213672,1911.0252496834999,406.08294898702786,3.4268987188257967,0.06635078652119136,6.626195257067835,2128.0,0.003552828493098006,827,4953
1085.4674779689467,1907.4882081409987,360.1630497996602,3.3402515980932983,0.06421671874557151,6.891915682276334,1965.0,0.003984974715164511,828,4953
1087.1408185245018,1912.41464728056,352.09414649296116,3.377959222422141,0.036336529933124494,6.383325937136793,1937.0,0.004278976095701609,829,4953
1087.2731518125693,1911.6328953617224,368.53921029911845,3.393264986598216,0.047919400066055225,6.417494559585726,2021.0,0.0038416432810474666,830,4953
1086.4317191482364,1911.9540409438462,384.7542005303977,3.40900433146412,0.06335659525292749,6.484799071670767,2046.0,0.003991131822105598,831,4953
1083.4732142857142,1911.195950255102,363.9425174219341,3.4218451506013357,0.06095837848065701,6.208840778722409,2044.0,0.0036055859903432815,832,4953
1084.327417380661,1912.59279375765,375.5328934745809,3.4002551383859347,0.044951805598078515,6.9521848394162,2063.0,0.003717598318659954,833,4953
1084.9895979343416,1908.3218738472888,391.9532925466625,3.4718874136707627,0.05446620489757413,6.419301434552495,2131.0,0.0035261800426795403,834,4953
1084.1695354278074,1907.5938335561498,376.8603472744795,3.3674281272973547,0.049133627209121525,6.833112914318353,2074.0,0.0035995435476352143,835,4953
1084.0475286614533,1907.5659403234379,384.0549308705434,3.3789354039924326,0.055176384214566596,6.881555211103807,2121.0,0.003637644137261119,836,4953
1083.4566018766757,1908.4085958445041,377.4253787970933,3.384772615233771,0.0749278173017138,6.766842414760219,2107.0,0.0036377990301255957,837,4953
1083.5046011103507,1909.0031941592517,395.3314445114125,3.390531388336114,0.08882129117943215,7.00526477839829,2120.0,0.0036537666786278867,838,4953
1084.3616678858814,1907.3496708119972,399.3491752460604,3.39936307989295,0.080384717903279,7.040464611141225,2138.0,0.003964484971123465,839,4953
1083.597736539902,1909.6447532662062,361.1208992967893,3.3837522780297196,0.09711570366164289,6.490980631447656,2028.0,0.004246891672355434,840,4953
1083.5312824610467,1909.6449061126648,365.5559078637237,3.381732789563361,0.08071684739935472,6.455282112495641,2059.0,0.0041763201779710215,841,4953
1084.3962800875274,1907.3543398978848,385.7252197210264,3.3946905813286343,0.06817299305397001,6.583493903334805,2105.0,0.003843433000409668,842,4953
1084.433706496078,1908.067169294037,400.3041557629402,3.449837447980026,0.09020491071754538,6.493396175272734,2140.0,0.003669197315186902,843,4953
1084.5370157945822,1909.5461925350746,358.4217151291886,3.36257213739099,0.09601722680045743,6.704791635699991,2030.0,0.003949067772549981,844,4953
1086.1103202846975,1906.425456197471,393.37157017785813,3.4375960651375683,0.06672159553649837,6.642073154362259,2129.0,0.003905521879814915,845,4953
1084.446367606193,1908.9167129813418,386.29142530350737,3.4376543236498196,0.0936190209238348,6.440746273420925,2114.0,0.003601086647242557,846,4953
1086.008998783948,1910.4345358735306,374.11055144259143,3.398299486519849,0.05484180370355424,6.490446534958619,2105.0,0.003650307766913954,847,4953
1085.3224417621282,1908.1669870069961,400.218521773608,3.461948144362564,0.05893090682948708,6.492358583395963,2134.0,0.003807837587397071,848,4953
1085.3814681107099,1909.226955475331,381.87167425331074,3.446176602103275,0.06180524780134664,6.4028222959439995,2053.0,0.0042955730525854035,849,4953
1085.0784104750305,1909.3651035322778,377.8076011551441,3.427049916876747,0.05707166799666656,6.528800659425831,2048.0,0.00410983612846793,850,4953
1087.1570828691404,1911.5961093495587,348.17058284665063,3.4351103127222484,0.04634705935743232,6.1166312009223915,1957.0,0.004244085088288088,851,4953
1086.3238124805962,1912.173238124806,386.9504271550383,3.4200406503863285,0.048636830749356624,6.667416549861728,2059.0,0.0033923421948449314,852,4953
1083.5886345127137,1913.57243688354,337.28304501518926,3.383304139555438,0.06787347105094028,6.226200450918343,1946.0,0.003928294212342108,853,4953
1085.0307755775577,1912.495297029703,377.93769721848093,3.4045446233540897,0.03841579934655779,6.486059490218155,2042.0,0.003912759965475436,854,4953
1086.3183871792687,1910.3319410109966,372.9153158479735,3.425361343340652,0.05975900368537931,6.32598651894525,2026.0,0.0039071858428956115,855,4953
1085.4586750281396,1908.336468885673,374.449831589373,3.415061745820965,0.07463252892738075,6.352220169268186,2044.0,0.0036802380984885838,856,4953
1085.3403269090022,1912.6463365048385,366.5988024238572,3.391218946472331,0.0545605296697482,6.469215265997968,2025.0,0.004148667292417834,857,4953
1085.3084359187374,1912.8521259723586,381.64497846356227,3.4385869731000183,0.0577428821639607,6.254585025798128,2036.0,0.00370272328438023,858,4953
1087.1097588631037,1908.317786680777,384.25750979864335,3.4182791353743185,0.06572541822552044,6.506439050184905,2042.0,0.004133631256676668,859,4953
1088.2932508344868,1911.0236912806317,385.5240359484473,3.468599329340039,0.05227291858547152,6.277359536732839,2090.0,0.004189830863697503,860,4953
1086.5780719900704,1913.9210591642532,368.28454204401254,3.394658609475513,0.08468704141229214,6.765342849298368,2037.0,0.003849931012001368,861,4953
1084.3657432072457,1913.4836618717811,356.1332318593248,3.392120571970055,0.05329227787564741,6.261266196780884,2009.0,0.003917105951455843,862,4953
1085.447498719481,1907.5298787775312,345.5117686613034,3.3603128182715247,0.0438999305329981,6.518533453487113,1950.0,0.004532354883888289,863,4953
1089.1421090791912,1908.5032627084508,374.0231767480883,3.4147381508700625,0.05043759796218847,6.628945370545349,2044.0,0.0038760076852658513,864,4953
1086.2199009984058,1910.3786391475794,364.62456418363763,3.4250573284001273,0.048137266837030374,6.271334479205111,2045.0,0.0037175940151080804,865,4953
1085.2994106980962,1909.10728316712,397.87930587166215,3.401564445507636,0.06485732332382496,6.974010196602117,2124.0,0.003989532806282975,866,4953
1088.0125469571751,1909.400676183321,382.5012049758172,3.43377837948651,0.02722097775637049,6.408547611540739,2044.0,0.003540571777740859,867,4953
1087.4558214255517,1914.629999154477,365.0375551282533,3.396502709944802,0.03816941121131281,6.358141232469788,2045.0,0.004034862934608478,868,4953
1084.215268628312,1912.1256770604596,403.2566310492879,3.4361397043667523,0.07315276217529336,6.877382157406242,2133.0,0.0037331962868453633,869,4953
1084.3189766839378,1910.9088406735752,388.22679825772843,3.413887934454724,0.06771002166928511,6.474637341409655,2118.0,0.0036235922212639036,870,4953
1086.3747829369574,1908.4168365420915,383.22661802379633,3.4236646745409383,0.06029297236547833,6.394343720895356,2052.0,0.003749977110516969,871,4953
1083.471998173794,1910.888297062852,394.2205448513687,3.4271224318867093,0.054168099746283796,6.62933650982746,2120.0,0.0036455826251596468,872,4953
1085.5063205798078,1914.6833810888252,364.87461862663486,3.3770699403625204,0.068570060734713,6.703410320293814,2029.0,0.0037768697073103557,873,4953
1086.139885807504,1908.4601957585644,378.45828383046955,3.4000407827896644,0.04778291449617865,6.636911176472346,2033.0,0.003703355960565253,874,4953
1088.1168057210966,1907.4890742947955,385.5480407477222,3.3990931039441814,0.051717426095107155,6.9236279069515465,2046.0,0.003954779705789485,875,4953
1088.437739541711,1911.7851259887466,376.0905538308525,3.4335171766330754,0.040174989399751615,6.256419553249116,2037.0,0.00408872621796579,876,4953
1085.374929235746,1913.7930448847553,375.54915856904876,3.4071948801134893,0.08258955828743186,6.529969194690294,2038.0,0.003877998124883876,877,4953
1083.3860484201887,1909.3254000820682,371.92463027273914,3.4114749997896183,0.0777523039730947,6.409862319021356,2048.0,0.003987337301527487,878,4953
1088.3698926592797,1911.577042936288,351.8398404100094,3.409329610546889,0.07406114372834857,6.213238178985623,1956.0,0.004013543311210778,879,4953
1088.39336492891,1911.3462724742346,380.15133780612246,3.4243058798895456,0.05924809941123186,6.320126807729863,2030.0,0.003911908131249027,880,4953
1084.4536128062261,1913.4567966746263,351.23001739700703,3.3144641485765876,0.07174118752586081,7.051314579386274,1955.0,0.004062331818639112,881,4953
1085.9544747081711,1908.3226459143968,387.0736457833354,3.451487019519905,0.014713333166906543,6.385962093857363,2053.0,0.0035510038968412454,882,4953
1088.333744449926,1909.994737707614,380.99478670726455,3.4513914980030993,0.050669518426564586,6.077371207137751,2033.0,0.003961692576521573,883,4953
1087.4339714867617,1914.709898167006,374.8169499737576,3.389044287297339,0.035029777033868656,6.595556920108484,2027.0,0.003737750245235633,884,4953
1085.0548188126445,1910.5207401696223,379.78395992298374,3.40769911544027,0.05247323530666696,6.617669617779054,2043.0,0.004097416629517349,885,4953
1085.448113583792,1907.3451383903646,371.7984760577597,3.3759775201146844,0.0658071236447026,6.880214281359196,2037.0,0.0038160164186156367,886,4953
1088.594890510949,1912.9066372432524,371.0747158220284,3.3985403319234075,0.06065984649557173,6.424990835825309,2022.0,0.003992460874848639,887,4953
1085.3169451073986,1913.5861575178997,378.2826013944692,3.401717007606731,0.058740437413645985,6.861450526486792,2040.0,0.00362485784616753,888,4953
1086.2753635230576,1908.341005400914,377.40047096169707,3.392359263256362,0.05505368393343198,6.5539425368504105,2033.0,0.003995014827790874,889,4953
1088.5949094390808,1910.8787201787281,369.1048603653859,3.406312986800672,0.07042583674195682,6.53804188950097,2035.0,0.003935653952340837,890,4953
1086.310904299127,1912.3239169823753,369.50126381450815,3.422579495579014,0.06548858069728816,6.208059448044776,2032.0,0.003961666744631344,891,4953
1084.5358110141437,1910.9264971411376,379.42713760395117,3.357352771852769,0.09431320475343256,7.079290560170019,2036.0,0.0035519083557816636,892,4953
1087.562357538261,1909.9736242266363,358.945378011131,3.424203696348483,0.06000121420350863,6.253200170496747,1977.0,0.004189031581775366,893,4953
1088.438224240526,1911.9808957093642,391.0448795127374,3.4474603369465933,0.060710306974178486,6.429644902730571,2051.0,0.0038241303486709413,894,4953
1086.5603665521191,1913.8978999618175,374.87192046267586,3.3798021003448158,0.07136892783058509,6.841877738875871,2035.0,0.003863943774026152,895,4953
1085.478596428251,1911.7224266355558,347.89049934493744,3.3796005269555804,0.08421313604277389,6.212887855123625,1940.0,0.003935638685065011,896,4953
1088.2432951865117,1911.5683585218835,353.4915978967655,3.4160551867943014,0.0693841245764166,6.237905370415535,1954.0,0.004329169851284777,897,4953
1087.1324974584886,1911.2905794645883,373.2001256991725,3.4569776799640417,0.0504660574922367,6.038734666938491,2023.0,0.004097818733502904,898,4953
1086.3519490851234,1910.3077963404933,355.4713021457495,3.4277518719685083,0.02723125978945224,6.023499391968548,1945.0,0.004232532984505576,899,4953
1085.3887683578105,1908.313334445928,376.9750317919142,3.381406790451278,0.07234269933867507,6.9204361644042995,2043.0,0.004063471970936298,900,4953
1089.1022086466166,1908.2919016290728,393.3941538641943,3.44528481677084,0.032347133726176085,6.47029858329267,2082.0,0.004154056475306757,901,4953
1088.0946521913952,1915.5268998793726,372.68653580171093,3.426756752612621,0.048706980714189496,6.503657279370428,2045.0,0.00392960297637893,902,4953
1085.2638528648904,1911.3214650632713,369.44041947489194,3.4285122457773283,0.06215857215840488,6.301074512776197,2031.0,0.004129190596477354,903,4953
1086.2102385685885,1909.3189198144466,379.4684080062282,3.438564281897637,0.060978463277421395,6.412488008057534,2037.0,0.004186381277512334,904,4953
1089.146990275657,1909.3434862975166,380.6676445172562,3.4643916005234896,0.040168978603419454,6.149175966243551,2045.0,0.004005078542690682,905,4953
1088.146793760832,1910.5084922010399,354.3173461274366,3.4389702622255114,0.058725498437632015,6.079275089534875,1967.0,0.004015443637841028,906,4953
1085.2405921759987,1912.6465966421306,368.83692785306647,3.401556951575899,0.03659175782069427,6.436571977255564,2016.0,0.0038076454797370853,907,4953
1087.0411871592974,1907.5282512762828,356.82357292933506,3.388886958171293,0.05724143102620004,6.483771767341036,1984.0,0.003860487230403062,908,4953
1090.784588159588,1913.6641731016732,375.34903180475754,3.475333655268803,0.010685275867893192,6.008241419654661,2035.0,0.003930819370169141,909,4953
1085.4347483657557,1912.9736945735212,379.11040144107534,3.4323764594530908,0.057148693513164116,6.4195271567954,2038.0,0.0036826587362079406,910,4953
1088.2285714285715,1912.5728405315615,353.6057970027216,3.4350040016999035,0.04755732046699007,6.196912223220454,1952.0,0.004458990916090614,911,4953
1089.2718883803336,1912.6728923667504,378.1229722492004,3.425118046658386,0.033442074171248615,6.28064880821424,2033.0,0.0040882517770592566,912,4953
1086.2443036933455,1914.6435798305504,370.0668732968645,3.3853323981914922,0.031089915544647292,6.636059749832727,2021.0,0.00403758685717931,913,4953
1086.1608322914806,1913.4740132166457,342.746203378457,3.392955205406856,0.05269656760184306,6.305207884976079,1944.0,0.004232279712069429,914,4953
1088.4616604088444,1911.0594075928243,373.94333418642583,3.4475266690049273,0.052506099954898945,6.146586302438538,2038.0,0.003845157896767067,915,4953
1086.4794727562758,1914.764083620183,370.79587716176235,3.396242621029153,0.04931084839105373,6.506283127093303,2018.0,0.004012839677335836,916,4953
1085.3419153820926,1913.6555428009183,354.863154023494,3.380934040841499,0.055325521216426615,6.313980356108413,2007.0,0.0035600726370911225,917,4953
1085.588925190584,1912.5806316494932,349.86900980812675,3.3748276013294096,0.07906252660336002,6.448117798256504,1951.0,0.004261770791348798,918,4953
1088.9889755512224,1909.352782360882,390.413590144607,3.425140642452361,0.028258880851980063,6.5586203834102275,2052.0,0.003778094507875116,919,4953
1089.3104725835667,1912.3527910423184,371.84476438029134,3.4621997254505597,0.04476207509189247,6.061688074040646,2034.0,0.0038862837085532082,920,4953
1085.340549273021,1913.6378836833603,373.720728267965,3.40422857829012,0.09008148765166565,6.490303439225563,2033.0,0.0037296404532307565,921,4953
1085.3438011122016,1909.304383382401,375.32840805961564,3.3896212503953635,0.06068425289816236,6.9982725742224705,2036.0,0.0037258717129448403,922,4953
1087.5455506751262,1910.041646331544,376.3507958900941,3.4176381506404674,0.06676114751109286,6.551087548436647,2040.0,0.0038962182377755856,923,4953
1087.4374177567922,1914.0154810743866,388.0746324028674,3.421416636829124,0.04911262719649258,6.398320048131493,2052.0,0.004008077227479038,924,4953
1084.3411938098748,1910.4196348153607,367.10818828312205,3.4080546723126193,0.0675002832601839,6.402525514149267,2026.0,0.0038621903736906806,925,4953
1088.2744019338168,1911.5327165124615,372.56585795941857,3.40718391425476,0.041098345956532535,6.521532897514203,2032.0,0.003925477698951791,926,4953
1089.281711704815,1914.007119344714,410.3979813047305,3.4402746330255685,0.06384456918564997,6.754617314592134,2127.0,0.0035388703890844252,927,4953
1084.4049089726918,1911.3686605981795,368.29979050798886,3.3728771679557252,0.07751420896246529,6.764934383518001,2033.0,0.003876201007536563,928,4953
1088.025415967028,1908.3201801251716,399.9187249506257,3.435339432166246,0.025478974250235067,6.470979216114536,2100.0,0.003732085599536142,929,4953
1089.3956787069108,1910.4531585023915,353.6322567989844,3.393280025582011,0.07962422732216644,6.240912333414371,2014.0,0.0036354897558817227,930,4953
1086.2505547021676,1915.4271206690562,341.55878072674966,3.382825108943598,0.062432621022503965,6.354310820825347,1940.0,0.004315732745594865,931,4953
1084.3795509963845,1914.4434541326832,369.72213237364963,3.3632489807300776,0.06392541107492007,6.777047410868209,2028.0,0.0037692568962167765,932,4953
1085.5546378128356,1908.495994053027,351.24257013094467,3.3595428937004264,0.05918597886015443,6.527593811799996,1948.0,0.0036873856132989317,933,4953
1090.8351797422563,1909.2920340643605,390.3894373248385,3.459007057146342,0.005908752927468503,6.502077447342627,2062.0,0.004328224845413821,934,4953
1090.0528310643565,1915.5252165841584,390.7981558340881,3.40049273875664,0.04232858681232996,6.922399264078448,2085.0,0.003645495406256248,935,4953
1087.2414192949907,1913.3347247990105,377.2162421422377,3.4314900095786336,0.061005401052609334,6.444402405182014,2035.0,0.004005790319350826,936,4953
1085.512511091393,1909.4471162377995,344.9249710187116,3.3598574989852077,0.07280104519103937,6.518990135491177,1943.0,0.0042169153840745325,937,4953
1090.0475866757308,1908.533225696805,358.5820490679545,3.3866389812607673,0.018147036110203907,6.642665422910781,1988.0,0.0038691770763265355,938,4953
1090.596171293776,1911.5031754672473,345.8285663203244,3.4188495180185074,0.022286365755101005,6.086984382702136,1968.0,0.0038827754156073213,939,4953
1087.0150660650984,1915.5945858846278,379.38655889244643,3.42114569031397,0.01878225596450154,6.327184796224332,2036.0,0.0040048229888601785,940,4953
1087.511033391623,1908.5618286285287,344.4692126001171,3.35197551628444,0.04583456368479991,6.396588759249406,1931.0,0.004277605676556694,941,4953
1090.9041014610991,1909.3656456278277,388.51232523852786,3.4599562409158993,0.023285238742585,6.396924735070324,2055.0,0.004100929791763623,942,4953
1089.332941360928,1913.6269990592662,372.00283367458724,3.415524019440553,0.06442631922089158,6.445016168241124,2029.0,0.004068056048381897,943,4953
1086.9086277997897,1910.4871836338643,371.40313646773035,3.4539678737556376,0.01923189197139941,6.156516776573519,2032.0,0.003991553471085812,944,4953
1089.1858391908108,1909.4750557174696,354.57687833349024,3.417013532992848,0.04101204822378142,6.200384294533859,1953.0,0.004307264605873402,945,4953
1090.4090259017958,1911.3310027014143,383.8030565311955,3.418711655730999,0.06944504672807221,6.434327421586068,2058.0,0.003956368208649167,946,4953
1087.3828859634125,1915.653017609848,370.5786652032318,3.40127097019422,0.056142428925182036,6.462476295217925,2030.0,0.003728512483910027,947,4953
1087.378194490541,1909.2524062396283,368.16624020847553,3.407445820978048,0.05551247277203122,6.415110391949873,2021.0,0.003909185724679782,948,4953
1088.5236402966625,1913.1249227441285,367.5986162546191,3.4340758594784506,0.06792511006214828,6.19101501417699,2019.0,0.0037311093223794797,949,4953
1087.4708981435022,1916.5162234487373,358.7107282012132,3.3424694999736184,0.07365906331200119,6.839441882411491,1958.0,0.004393630080663929,950,4953
1085.5051586079458,1913.9367108099784,382.31222739191867,3.4374721770019403,0.05407521550754298,6.417005356593646,2043.0,0.003997987157305237,951,4953
1088.041198224852,1909.171523668639,408.74466072682236,3.4603844230127936,0.03695263543492204,6.500007548540444,2129.0,0.003548810277444992,952,4953
1088.4577635383293,1912.8378526217082,383.882979106811,3.4557337576416374,0.06149541565638423,6.269558696047784,2041.0,0.0034672494412306526,953,4953
1086.4286989692396,1914.7251846441036,378.9958022355048,3.3981523407909653,0.0581741817269762,6.521151698232856,2031.0,0.003965767018374054,954,4953
1085.9319640564827,1909.3907252888318,374.42646999476733,3.409357168580685,0.05020382593932897,6.548858348753152,2044.0,0.0035640749364928338,955,4953
1091.6067180432233,1912.2668788741832,375.10757835115413,3.4675940376749623,0.02882852243989166,6.15857642459593,2040.0,0.003932776833536398,956,4953
1090.6145195132187,1915.604699958036,349.2321307863641,3.420127533555237,0.010063798194289918,6.096540764042277,1945.0,0.00405792484791628,957,4953
1084.5390760108705,1913.0826813802191,376.0472535855189,3.404924472669022,0.08089954174665913,6.565265400653051,2043.0,0.0042989765406578895,958,4953
1087.5791466801313,1908.4720188504587,340.74099554067425,3.3704863753064482,0.0788989693086439,6.423124042843645,1944.0,0.00427488012483267,959,4953
288.49921867818733,2441.171247357294,311.95163599150004,3.342575354561091,0.09268760023638888,5.849630824732605,2128.0,0.0037977378768489327,959,6412
1087.403151885503,1915.736592425826,373.5123508462225,3.4240164131504276,0.037284961379441595,6.486987841343094,2041.0,0.0037609345785246206,960,4953
294.4539712029726,2437.5074779377615,323.2982597780482,3.3631841900138517,0.10456966641385614,6.1265996279351445,2170.0,0.0034737976590397683,960,6412
1086.0756535821702,1910.4264671859335,380.8274805172462,3.4306917705506264,0.056497759828351896,6.402436242211743,2046.0,0.004099238142262529,961,4953
298.72015381926235,2433.29732564237,336.0397957953521,3.3557887227009835,0.09076670493118294,6.43180521579987,2265.0,0.003596550709337793,961,6412
1089.1718030182685,1908.346624305004,382.98443082082076,3.4471039749532078,0.048314707867608296,6.296884605235099,2049.0,0.0038443369553924603,962,4953
302.0567596303263,2430.306698290668,371.942067962365,3.3926298095456344,0.04608221113826039,6.3881438024124195,2435.0,0.0030852993380622693,962,6412
1088.4734288699806,1914.8876698014628,381.8701572702763,3.4291715900054567,0.07816236177905495,6.384454040046417,2040.0,0.003854185912656783,963,4953
309.0280241220291,2425.560748492373,321.3888560516223,3.3789170639435455,0.06712943255308045,5.956923635579023,2178.0,0.0035409365521707242,963,6412
1085.2333828996282,1913.7927881040891,395.9938203585384,3.4290254611744864,0.055064282263247374,6.477222340437059,2083.0,0.0041130137650495285,964,4953
317.6034188034188,2422.308376068376,344.47046083233454,3.3303833099889553,0.09942237391108073,6.742199618000393,2232.0,0.0037634766579983264,964,6412
1088.9384714504308,1909.392767979383,385.72254183319,3.433945069279036,0.02349541254215863,6.430262233991329,2046.0,0.004025848323178993,965,4953
321.97933079988877,2418.5221058485495,335.1502378866302,3.3778624281299487,0.06454877659843726,6.119621546358897,2259.0,0.003543983497926819,965,6412
1088.2985676301569,1916.4678788918432,348.6364077872642,3.394685129113677,0.05434711491826524,6.2197763804572395,1940.0,0.004295832549861986,966,4953
327.42641308211876,2416.296747244934,336.4659799658887,3.377549201191592,0.027261596931472416,6.369290235756692,2332.0,0.0033868148577212713,966,6412
1085.2446192410753,1914.7087907338578,371.000351288695,3.387307564563956,0.04781500134641979,6.606108770461679,2029.0,0.003906700649478414,967,4953
335.13186318631864,2414.2665166516654,356.2809147564527,3.3738551080076014,0.07332221779547486,6.574040281284681,2359.0,0.003220587906277129,967,6412
1089.5543544457978,1912.0174330085263,377.99663036833795,3.422482004251816,0.06409415093110546,6.474515973879114,2036.0,0.0040541817260918885,968,4953
341.7333580980684,2412.245839524517,387.3199333707239,3.3840153927407144,0.06935293323609859,7.107579757991738,2512.0,0.0031047653747747093,968,6412
1086.2864803379916,1916.5960350991224,368.57424219761367,3.4015710683236766,0.07324527391072451,6.4084244256003675,2028.0,0.004021348515539064,969,4953
349.4886702968558,2411.429299139294,340.96411453217655,3.3292322098305904,0.11753008098057904,6.737829419439639,2271.0,0.0034758634715567377,969,6412
1086.2753776189702,1909.3232093552056,374.3931316998965,3.3826531080942264,0.05192471778805702,6.628041473979003,2015.0,0.004077324223653462,970,4953
354.69333791208794,2410.497338598901,354.14416095829097,3.3263046890829746,0.11986047809347869,6.840868493785669,2342.0,0.003361460746249767,970,6412
1089.219512195122,1914.5510854077613,352.8190454933654,3.3745461641178456,0.06825318563113669,6.417042399803897,1948.0,0.004244605374036999,971,4953
361.6727165784388,2410.545332325015,351.9318967744985,3.2945351495992896,0.1147076914861732,7.097189750935185,2329.0,0.0033701708645261764,971,6412
1086.3346092015618,1915.6921840312332,372.24807278050224,3.4098443072220697,0.05925642096421678,6.2976976256978485,2021.0,0.0036480628502907346,972,4953
365.7945037507213,2409.15204847086,395.07366462748854,3.382635727689801,0.09764151095776995,7.1240923367622715,2542.0,0.002725914425602872,972,6412
1086.828060406648,1908.5226524930397,355.78842247084464,3.4070190227596395,0.03641451981797497,6.483615899240904,1991.0,0.004093668864735857,973,4953
373.62317102422645,2408.349484288798,375.4193706102129,3.3632225158637543,0.11496628581839972,6.933867003354856,2427.0,0.0031771139328535293,973,6412
1090.0776863318206,1908.3635874163526,381.9613001127302,3.43060020519209,0.04726609765279134,6.55160140951764,2053.0,0.0039593497119297365,974,4953
378.9378296910324,2404.2667671439335,389.86435293407663,3.38560497176917,0.06056980890541028,6.87477457321582,2491.0,0.0030971506552201025,974,6412
1090.3123840445269,1913.7322201607915,382.519488834684,3.4035999894324123,0.04563160087465341,6.535003635781166,2044.0,0.003705136511948653,975,4953
383.9005248091603,2400.265823791349,371.8742340433663,3.320243062625226,0.07045647453187132,7.303827592931892,2423.0,0.0029822199402274284,975,6412
1088.4538325517028,1914.9080495118014,374.6544956630791,3.4418697370536186,0.052282935106438846,6.164070275382404,2029.0,0.004026824928131467,976,4953
389.8205263954016,2399.121615489336,380.8473700051689,3.395667111979681,0.07222200200853962,7.085800410019025,2500.0,0.0030881037848884667,976,6412
1086.2678518075888,1913.9569017030176,381.58587698539225,3.437379978620138,0.05943626624380486,6.412968503265107,2033.0,0.003856671743196009,977,4953
397.7017195767196,2397.298363095238,344.76118673553214,3.364573351255525,0.08653342840714974,6.526976832212042,2274.0,0.003338552203488828,977,6412
403.7703629498343,2394.1488787855437,378.8001585690624,3.333993410281146,0.09453198521626442,7.209959094286693,2431.0,0.003106251684112349,978,6412
1089.0121243677477,1909.3228205891103,392.4319435772886,3.4740612340457435,0.02049840601182226,6.275875324986393,2041.0,0.0038822817601113294,978,4953
1089.4404983415582,1911.4361297629641,354.01709586712525,3.432287906784431,0.07338160056163957,6.071646656729274,1946.0,0.0044704368375839505,979,4953
409.5980925290722,2391.524136200117,342.33204003719345,3.2988441348628412,0.12728013818109252,7.016761466503171,2262.0,0.0036782210318860816,979,6412
1090.103080480346,1912.28947564705,380.7205595564889,3.4740672107787196,0.030831191095054524,6.048592465542787,2031.0,0.0037154081188992727,980,4953
415.0344094488189,2390.5418897637796,360.64377611452295,3.3164229852844214,0.08441058471794821,7.099286931388248,2362.0,0.0030617446628301635,980,6412
1087.1598699024269,1916.420148444667,348.48566586362796,3.3955579846598196,0.052128458428922,6.335574610814018,1947.0,0.0037840843465497364,981,4953
421.13391173142213,2388.154205960015,385.2203736988065,3.3816354501359243,0.04736742691997595,7.352754020807095,2512.0,0.0027313930226472434,981,6412
425.06448814343554,2387.151966454598,444.3335759203622,3.4049091901850472,0.05780916423155327,8.191516907149534,2800.0,0.002429305417418293,982,6412
1085.4477476660927,1909.4899845916796,354.41963151600316,3.3843493255145054,0.0790466349896343,6.456842738576691,1943.0,0.0038531536043585157,982,4953
1089.1507929917796,1908.5127459935231,362.3752682298283,3.3967737500447064,0.032378957716475545,6.55964531047933,1962.0,0.0042761213175706095,983,4953
435.5614538498326,2386.306870715766,377.5105966296957,3.351909025860794,0.11667575367267106,7.311898213057234,2440.0,0.0032336434314089468,983,6412
441.82707993474713,2384.10225418953,414.92421766816256,3.3938534351027774,0.08692224961322956,7.384088109176851,2608.0,0.002804652992201075,984,6412
1091.6409395973155,1908.4573223197385,357.574466686889,3.4089428585468724,0.01463275921953075,6.399543027953271,1959.0,0.004035486217798181,984,4953
446.99331401827504,2381.2489413862268,390.79577168282714,3.362692929293559,0.08829791310570714,7.403084598404348,2534.0,0.0030069568657602242,985,6412
1088.5332323876314,1915.0334714695568,364.28982565010887,3.3866616612119835,0.08028577073662496,6.677291990717647,1963.0,0.004164493075776691,985,4953
1086.4882718178683,1915.6745429458433,353.6854661915939,3.3960440025411307,0.0620581248311008,6.130629415704585,1933.0,0.004201984537749313,986,4953
452.82528735632184,2378.541260404281,384.765622284146,3.2891322266819407,0.10531909669153082,7.777664184102832,2439.0,0.0031167077466266167,986,6412
1085.410242872228,1912.9552722884296,383.6033510306548,3.4188874905372626,0.07797649131267591,6.452221095175442,2028.0,0.004240669084223917,987,4953
457.6447747257023,2373.277021243483,371.8273241887875,3.3558791906164167,0.08118309975142488,6.85729327155417,2357.0,0.0034978424874236224,987,6412
1087.2895880149813,1909.112883895131,381.21736905674686,3.486442441641107,0.04810403455406123,5.996677715499389,2030.0,0.003953140932323519,988,4953
461.60703697924794,2368.3856295833984,366.02578551081507,3.3135889990949035,0.11010500676193566,7.253124474937357,2358.0,0.0032627857572710664,988,6412
1091.0614193548388,1914.4892043010752,348.32519099609016,3.420142737384804,0.05681633914348065,6.022654915287236,1947.0,0.00406058229936292,989,4953
468.7336206896552,2368.1978056426333,382.3337150202246,3.3229160627187997,0.0815076373008496,7.610718151656508,2432.0,0.003051572821384867,989,6412
1088.0046602525556,1916.6262026458207,387.98068779429406,3.437844718406771,0.024789947879697988,6.328307971389192,2035.0,0.0037761790183706667,990,4953
475.71889260724066,2365.072178278065,383.4313051051848,3.369486279125422,0.09622979452331744,7.290677386393078,2453.0,0.0029760122807821047,990,6412
1085.5998084291189,1909.4497126436781,319.2336182110683,3.363356173669071,0.06182385219366277,5.901541026315726,1839.0,0.004414712035215024,991,4953
478.0082453571704,2357.21630577175,396.8098336709802,3.334293868952029,0.062042528991205485,7.736216993046004,2522.0,0.0029380231041702363,991,6412
1085.2361960873177,1905.6510310446408,384.5618433725371,3.438747850814154,0.0628301865047312,6.535721335359231,2041.0,0.0037059420057844765,992,4953
483.0718634894385,2352.291813876569,386.4208929968171,3.345925749849506,0.08194583146598168,7.116674342946718,2499.0,0.0028650244434719916,992,6412
1090.1643976571156,1902.368291910717,391.22755478678124,3.4411306865752134,0.05158720230937171,6.5648441993666,2049.0,0.0039386025411697,993,4953
490.24363698688836,2351.22007027166,361.34512718117384,3.381238026040077,0.04453482608996764,6.440979214472891,2474.0,0.0030992576781438044,993,6412
1092.2865200686667,1907.3176653314804,385.03118491930906,3.438961040324169,0.04415414401872054,6.452333271352764,2041.0,0.00402463413855681,994,4953
497.41866645192465,2345.580528265421,390.8540222617494,3.311132921528466,0.09687177725089026,8.026073093633926,2552.0,0.003032319468122614,994,6412
1089.2470238095239,1912.625723938224,371.561700542756,3.408200421898647,0.054807899638247316,6.336155125085607,2011.0,0.004039156908159294,995,4953
501.2361375805427,2341.8190398402758,329.33062888357694,3.4768366047477675,0.041559444064162,5.4694169240125765,2423.0,0.003182804225823894,995,6412
1086.2489021329986,1906.4383626097867,371.4766073448807,3.4058634583779455,0.07333587032519856,6.379656289878362,2018.0,0.0038803647515851763,996,4953
501.66261510128913,2351.3193370165745,79.09025948410846,3.3053893154518876,0.21663599011571189,1.9808978434325508,1173.0,0.008612943299878724,996,6412
1085.5825628548257,1904.9649635036496,376.31892630904764,3.381848882692575,0.07544261703584108,6.561927749914457,2007.0,0.004284817103461961,997,4953
503.12322648449816,2344.5788229111927,116.1613814705787,3.4066640512326885,0.035814003077444145,2.319565158109296,1355.0,0.007473430404046816,997,6412
1088.241298943443,1899.233297078931,380.68055652940717,3.418670177128465,0.044203607947061234,6.417625914145537,2019.0,0.004239392760491553,998,4953
1094.5316053511706,1904.278093645485,345.27412060655814,3.4125236593689,0.05916848384579461,5.860421946750109,1910.0,0.0042612044431073505,999,4953
1091.4089247768807,1908.3861453463664,354.2081479840147,3.412683524702958,0.05686080863737937,6.2020296204595855,1951.0,0.003994099482016845,1000,4953
